index;dang_cars_sent;inno_cars_sent;load_cars_sent;empt_cars_sent;grp1_cars_sent;grp2_cars_sent;grp3_cars_sent;grp4_cars_sent;grp5_cars_sent;sp_mark_1_sent;sp_mark_2_sent;sp_mark_3_sent;sp_mark_4_sent;sp_mark_5_sent;sp_mark_6_sent;sp_mark_7_sent;sp_mark_8_sent;sp_mark_9_sent;sum_len_cars_sent;sum_wgt_cars_sent;platf_sent;gcar_sent;tanks_sent;covrd_sent;oth_sent;therm_sent;cars_num;dest_esr_num;gruz_codes_num;operators_num;senders_num;recievers_num;train_types_num;tracks_used;cars_to_storage;dispatch_ids_num;ld_unld_ops_num;cars_sent_after_ld_unld;target
2021-03-16 01:51:00;0.0;0.0;65.0;0.0;0.0;0.0;0.0;52.0;0.0;0.0;0.0;38.0;10.0;4.0;0.0;0.0;0.0;0.0;56.08;3884.356;0.0;0.0;65.0;0.0;0.0;0.0;255.0;19.0;7.0;18.0;11.0;4.0;1.0;5.0;0.0;32.0;30.0;20.0;0.0
2021-03-16 05:51:00;0.0;0.0;0.0;0.0;0.0;0.0;0.0;0.0;0.0;0.0;0.0;0.0;0.0;0.0;0.0;0.0;0.0;0.0;0.0;0.0;0.0;0.0;0.0;0.0;0.0;0.0;301.0;9.0;7.0;24.0;10.0;5.0;0.0;4.0;0.0;19.0;47.0;0.0;0.0
2021-03-16 09:51:00;0.0;0.0;61.0;0.0;0.0;0.0;0.0;0.0;61.0;0.0;61.0;0.0;0.0;0.0;0.0;0.0;0.0;0.0;52.61;3876.607;0.0;0.0;61.0;0.0;0.0;0.0;133.0;4.0;3.0;17.0;3.0;4.0;1.0;4.0;0.0;8.0;5.0;0.0;12.0
2021-03-16 13:51:00;0.0;5.0;61.0;5.0;0.0;0.0;0.0;64.0;0.0;0.0;0.0;21.0;33.0;10.0;0.0;0.0;0.0;0.0;59.33;3875.214;0.0;16.0;49.0;0.0;1.0;0.0;230.0;13.0;10.0;18.0;13.0;6.0;1.0;4.0;0.0;22.0;34.0;12.0;34.0
2021-03-16 17:51:00;0.0;0.0;63.0;0.0;0.0;0.0;0.0;59.0;0.0;0.0;0.0;25.0;14.0;20.0;0.0;0.0;0.0;0.0;54.25;3980.176;0.0;0.0;63.0;0.0;0.0;0.0;312.0;16.0;6.0;16.0;9.0;3.0;2.0;5.0;0.0;25.0;46.0;34.0;0.0
2021-03-16 21:51:00;0.0;0.0;0.0;0.0;0.0;0.0;0.0;0.0;0.0;0.0;0.0;0.0;0.0;0.0;0.0;0.0;0.0;0.0;0.0;0.0;0.0;0.0;0.0;0.0;0.0;0.0;204.0;12.0;5.0;14.0;9.0;1.0;0.0;4.0;0.0;14.0;74.0;0.0;0.0
2021-03-17 01:51:00;0.0;0.0;0.0;0.0;0.0;0.0;0.0;0.0;0.0;0.0;0.0;0.0;0.0;0.0;0.0;0.0;0.0;0.0;0.0;0.0;0.0;0.0;0.0;0.0;0.0;0.0;236.0;5.0;5.0;18.0;4.0;2.0;0.0;4.0;0.0;14.0;22.0;0.0;112.0
2021-03-17 05:51:00;0.0;0.0;127.0;0.0;0.0;0.0;0.0;60.0;65.0;0.0;65.0;32.0;8.0;20.0;0.0;0.0;0.0;0.0;109.72;7787.904;0.0;0.0;127.0;0.0;0.0;0.0;282.0;9.0;7.0;18.0;8.0;3.0;2.0;4.0;0.0;17.0;14.0;112.0;0.0
2021-03-17 09:51:00;0.0;0.0;0.0;0.0;0.0;0.0;0.0;0.0;0.0;0.0;0.0;0.0;0.0;0.0;0.0;0.0;0.0;0.0;0.0;0.0;0.0;0.0;0.0;0.0;0.0;0.0;227.0;11.0;3.0;17.0;5.0;3.0;0.0;4.0;0.0;13.0;83.0;0.0;111.0
2021-03-17 13:51:00;0.0;1.0;123.0;5.0;0.0;0.0;0.0;95.0;0.0;0.0;0.0;35.0;43.0;17.0;0.0;0.0;0.0;0.0;113.32;7682.938;0.0;8.0;111.0;0.0;9.0;0.0;527.0;32.0;10.0;22.0;27.0;7.0;1.0;5.0;1.0;95.0;219.0;111.0;0.0
2021-03-17 17:51:00;0.0;0.0;0.0;0.0;0.0;0.0;0.0;0.0;0.0;0.0;0.0;0.0;0.0;0.0;0.0;0.0;0.0;0.0;0.0;0.0;0.0;0.0;0.0;0.0;0.0;0.0;239.0;18.0;4.0;17.0;5.0;3.0;0.0;3.0;0.0;9.0;12.0;0.0;64.0
2021-03-17 21:51:00;0.0;0.0;64.0;0.0;0.0;0.0;0.0;61.0;0.0;0.0;0.0;21.0;8.0;32.0;0.0;0.0;0.0;0.0;55.21;3927.41;0.0;0.0;64.0;0.0;0.0;0.0;318.0;15.0;6.0;18.0;11.0;2.0;1.0;5.0;0.0;29.0;80.0;64.0;0.0
2021-03-18 01:51:00;0.0;0.0;0.0;0.0;0.0;0.0;0.0;0.0;0.0;0.0;0.0;0.0;0.0;0.0;0.0;0.0;0.0;0.0;0.0;0.0;0.0;0.0;0.0;0.0;0.0;0.0;303.0;21.0;5.0;18.0;16.0;3.0;0.0;4.0;0.0;27.0;5.0;0.0;63.0
2021-03-18 05:51:00;0.0;0.0;63.0;0.0;0.0;0.0;0.0;0.0;63.0;0.0;63.0;0.0;0.0;0.0;0.0;0.0;0.0;0.0;54.4;3873.699;0.0;0.0;63.0;0.0;0.0;0.0;271.0;12.0;6.0;17.0;12.0;3.0;1.0;4.0;0.0;24.0;40.0;63.0;0.0
2021-03-18 09:51:00;0.0;0.0;0.0;0.0;0.0;0.0;0.0;0.0;0.0;0.0;0.0;0.0;0.0;0.0;0.0;0.0;0.0;0.0;0.0;0.0;0.0;0.0;0.0;0.0;0.0;0.0;254.0;10.0;8.0;21.0;8.0;6.0;0.0;3.0;0.0;21.0;11.0;0.0;185.0
2021-03-18 13:51:00;0.0;3.0;187.0;0.0;0.0;0.0;0.0;165.0;0.0;0.0;0.0;102.0;31.0;32.0;0.0;0.0;0.0;0.0;162.75;11918.49;0.0;8.0;178.0;0.0;1.0;0.0;381.0;28.0;9.0;21.0;26.0;4.0;1.0;5.0;0.0;72.0;129.0;185.0;0.0
2021-03-18 17:51:00;0.0;0.0;0.0;0.0;0.0;0.0;0.0;0.0;0.0;0.0;0.0;0.0;0.0;0.0;0.0;0.0;0.0;0.0;0.0;0.0;0.0;0.0;0.0;0.0;0.0;0.0;222.0;21.0;5.0;19.0;14.0;4.0;0.0;3.0;0.0;29.0;30.0;0.0;0.0
2021-03-18 21:51:00;0.0;0.0;0.0;0.0;0.0;0.0;0.0;0.0;0.0;0.0;0.0;0.0;0.0;0.0;0.0;0.0;0.0;0.0;0.0;0.0;0.0;0.0;0.0;0.0;0.0;0.0;200.0;18.0;7.0;19.0;15.0;3.0;0.0;3.0;0.0;30.0;108.0;0.0;63.0
2021-03-19 01:51:00;0.0;0.0;63.0;0.0;0.0;0.0;0.0;56.0;0.0;0.0;0.0;53.0;3.0;0.0;0.0;0.0;0.0;0.0;54.34;3981.177;0.0;0.0;63.0;0.0;0.0;0.0;316.0;23.0;9.0;21.0;19.0;7.0;1.0;5.0;0.0;57.0;11.0;63.0;0.0
2021-03-19 05:51:00;0.0;0.0;0.0;0.0;0.0;0.0;0.0;0.0;0.0;0.0;0.0;0.0;0.0;0.0;0.0;0.0;0.0;0.0;0.0;0.0;0.0;0.0;0.0;0.0;0.0;0.0;185.0;8.0;4.0;19.0;5.0;1.0;0.0;3.0;0.0;6.0;35.0;0.0;0.0
2021-03-19 09:51:00;0.0;0.0;0.0;0.0;0.0;0.0;0.0;0.0;0.0;0.0;0.0;0.0;0.0;0.0;0.0;0.0;0.0;0.0;0.0;0.0;0.0;0.0;0.0;0.0;0.0;0.0;133.0;1.0;0.0;17.0;0.0;0.0;0.0;4.0;0.0;0.0;0.0;0.0;63.0
2021-03-19 13:51:00;0.0;0.0;62.0;1.0;0.0;0.0;0.0;48.0;0.0;0.0;0.0;13.0;11.0;24.0;0.0;0.0;0.0;0.0;54.89;3934.383;0.0;0.0;62.0;1.0;0.0;0.0;384.0;23.0;8.0;23.0;26.0;3.0;1.0;5.0;0.0;65.0;142.0;63.0;67.0
2021-03-19 17:51:00;0.0;0.0;61.0;7.0;0.0;0.0;0.0;59.0;0.0;0.0;0.0;20.0;19.0;20.0;0.0;0.0;0.0;0.0;59.2;3807.024;0.0;0.0;67.0;1.0;0.0;0.0;173.0;22.0;9.0;19.0;19.0;5.0;1.0;3.0;0.0;41.0;6.0;67.0;0.0
2021-03-19 21:51:00;0.0;0.0;0.0;0.0;0.0;0.0;0.0;0.0;0.0;0.0;0.0;0.0;0.0;0.0;0.0;0.0;0.0;0.0;0.0;0.0;0.0;0.0;0.0;0.0;0.0;0.0;321.0;19.0;5.0;18.0;11.0;2.0;0.0;4.0;0.0;25.0;71.0;0.0;61.0
2021-03-20 01:51:00;0.0;0.0;61.0;0.0;0.0;0.0;0.0;37.0;0.0;0.0;0.0;37.0;0.0;0.0;0.0;0.0;0.0;0.0;55.49;3808.166;6.0;0.0;46.0;0.0;9.0;0.0;274.0;25.0;6.0;24.0;13.0;5.0;1.0;4.0;0.0;48.0;25.0;61.0;63.0
2021-03-20 05:51:00;0.0;2.0;64.0;0.0;0.0;0.0;0.0;50.0;0.0;0.0;0.0;50.0;0.0;0.0;0.0;0.0;0.0;0.0;56.34;3942.406;0.0;8.0;56.0;0.0;0.0;0.0;394.0;28.0;8.0;24.0;23.0;2.0;1.0;6.0;0.0;58.0;32.0;63.0;62.0
2021-03-20 09:51:00;0.0;3.0;62.0;0.0;0.0;0.0;0.0;55.0;0.0;0.0;0.0;26.0;21.0;8.0;0.0;0.0;0.0;0.0;54.73;3988.114;0.0;8.0;54.0;0.0;0.0;0.0;170.0;22.0;6.0;17.0;16.0;3.0;1.0;3.0;0.0;39.0;6.0;62.0;186.0
2021-03-20 13:51:00;0.0;0.0;186.0;0.0;0.0;0.0;0.0;93.0;60.0;0.0;60.0;68.0;14.0;11.0;0.0;0.0;0.0;0.0;160.42;11647.95;0.0;0.0;186.0;0.0;0.0;0.0;376.0;29.0;7.0;20.0;27.0;3.0;2.0;5.0;0.0;86.0;147.0;186.0;0.0
2021-03-20 17:51:00;0.0;0.0;0.0;0.0;0.0;0.0;0.0;0.0;0.0;0.0;0.0;0.0;0.0;0.0;0.0;0.0;0.0;0.0;0.0;0.0;0.0;0.0;0.0;0.0;0.0;0.0;303.0;19.0;3.0;18.0;4.0;1.0;0.0;3.0;0.0;9.0;0.0;0.0;0.0
2021-03-20 21:51:00;0.0;0.0;0.0;0.0;0.0;0.0;0.0;0.0;0.0;0.0;0.0;0.0;0.0;0.0;0.0;0.0;0.0;0.0;0.0;0.0;0.0;0.0;0.0;0.0;0.0;0.0;331.0;20.0;6.0;21.0;20.0;3.0;0.0;5.0;0.0;44.0;67.0;0.0;65.0
2021-03-21 01:51:00;0.0;0.0;65.0;0.0;0.0;0.0;0.0;61.0;0.0;0.0;0.0;40.0;17.0;4.0;0.0;0.0;0.0;0.0;56.04;3897.46;0.0;0.0;65.0;0.0;0.0;0.0;278.0;17.0;5.0;14.0;8.0;3.0;1.0;5.0;0.0;16.0;30.0;65.0;61.0
2021-03-21 05:51:00;0.0;0.0;64.0;0.0;0.0;0.0;0.0;44.0;0.0;0.0;0.0;18.0;6.0;20.0;0.0;0.0;0.0;0.0;55.23;3879.884;0.0;0.0;64.0;0.0;0.0;0.0;343.0;19.0;7.0;22.0;18.0;3.0;1.0;4.0;0.0;37.0;60.0;61.0;0.0
2021-03-21 09:51:00;0.0;0.0;0.0;0.0;0.0;0.0;0.0;0.0;0.0;0.0;0.0;0.0;0.0;0.0;0.0;0.0;0.0;0.0;0.0;0.0;0.0;0.0;0.0;0.0;0.0;0.0;244.0;14.0;2.0;21.0;11.0;2.0;0.0;4.0;0.0;24.0;22.0;0.0;126.0
2021-03-21 13:51:00;0.0;2.0;126.0;0.0;0.0;0.0;0.0;110.0;0.0;0.0;0.0;43.0;40.0;27.0;0.0;0.0;0.0;0.0;110.33;7883.133;0.0;8.0;116.0;0.0;2.0;0.0;545.0;20.0;6.0;25.0;18.0;4.0;1.0;6.0;0.0;63.0;108.0;126.0;61.0
2021-03-21 17:51:00;0.0;0.0;63.0;0.0;0.0;0.0;0.0;62.0;0.0;0.0;0.0;7.0;22.0;33.0;0.0;0.0;0.0;0.0;54.46;3911.527;0.0;0.0;63.0;0.0;0.0;0.0;251.0;18.0;6.0;18.0;8.0;3.0;1.0;5.0;0.0;23.0;17.0;61.0;0.0
2021-03-21 21:51:00;0.0;0.0;0.0;0.0;0.0;0.0;0.0;0.0;0.0;0.0;0.0;0.0;0.0;0.0;0.0;0.0;0.0;0.0;0.0;0.0;0.0;0.0;0.0;0.0;0.0;0.0;259.0;19.0;6.0;19.0;14.0;5.0;0.0;4.0;0.0;40.0;44.0;0.0;0.0
2021-03-22 01:51:00;0.0;0.0;0.0;0.0;0.0;0.0;0.0;0.0;0.0;0.0;0.0;0.0;0.0;0.0;0.0;0.0;0.0;0.0;0.0;0.0;0.0;0.0;0.0;0.0;0.0;0.0;128.0;2.0;3.0;11.0;2.0;2.0;0.0;3.0;0.0;3.0;23.0;0.0;61.0
2021-03-22 05:51:00;0.0;0.0;61.0;0.0;0.0;0.0;0.0;58.0;0.0;0.0;0.0;25.0;9.0;24.0;0.0;0.0;0.0;0.0;52.75;3961.98;0.0;0.0;61.0;0.0;0.0;0.0;268.0;6.0;4.0;20.0;6.0;4.0;1.0;5.0;0.0;11.0;5.0;61.0;0.0
2021-03-22 09:51:00;0.0;0.0;0.0;0.0;0.0;0.0;0.0;0.0;0.0;0.0;0.0;0.0;0.0;0.0;0.0;0.0;0.0;0.0;0.0;0.0;0.0;0.0;0.0;0.0;0.0;0.0;141.0;7.0;3.0;17.0;7.0;3.0;0.0;3.0;0.0;12.0;49.0;0.0;0.0
2021-03-22 13:51:00;0.0;0.0;0.0;0.0;0.0;0.0;0.0;0.0;0.0;0.0;0.0;0.0;0.0;0.0;0.0;0.0;0.0;0.0;0.0;0.0;0.0;0.0;0.0;0.0;0.0;0.0;298.0;29.0;11.0;23.0;23.0;6.0;0.0;2.0;0.0;46.0;149.0;0.0;67.0
2021-03-22 17:51:00;0.0;0.0;63.0;4.0;0.0;0.0;0.0;64.0;0.0;0.0;0.0;35.0;4.0;25.0;0.0;0.0;0.0;0.0;58.44;3831.226;0.0;0.0;65.0;2.0;0.0;0.0;383.0;25.0;8.0;20.0;12.0;6.0;1.0;4.0;2.0;26.0;38.0;67.0;62.0
2021-03-22 21:51:00;0.0;0.0;62.0;0.0;0.0;0.0;0.0;58.0;0.0;0.0;0.0;40.0;6.0;12.0;0.0;0.0;0.0;0.0;53.57;3985.802;0.0;0.0;62.0;0.0;0.0;0.0;271.0;27.0;5.0;18.0;10.0;2.0;1.0;5.0;0.0;20.0;68.0;62.0;0.0
2021-03-23 01:51:00;0.0;0.0;0.0;0.0;0.0;0.0;0.0;0.0;0.0;0.0;0.0;0.0;0.0;0.0;0.0;0.0;0.0;0.0;0.0;0.0;0.0;0.0;0.0;0.0;0.0;0.0;304.0;18.0;6.0;21.0;17.0;3.0;0.0;4.0;0.0;33.0;21.0;0.0;116.0
2021-03-23 05:51:00;0.0;0.0;128.0;0.0;0.0;0.0;0.0;115.0;0.0;0.0;0.0;111.0;4.0;0.0;0.0;0.0;0.0;0.0;110.48;7862.599;0.0;0.0;128.0;0.0;0.0;0.0;499.0;23.0;8.0;25.0;20.0;3.0;1.0;6.0;0.0;48.0;11.0;116.0;116.0
2021-03-23 09:51:00;0.0;1.0;116.0;0.0;0.0;0.0;0.0;108.0;0.0;0.0;0.0;51.0;12.0;21.0;24.0;0.0;0.0;0.0;101.51;7271.217;0.0;5.0;107.0;0.0;4.0;0.0;235.0;16.0;8.0;22.0;13.0;4.0;2.0;4.0;0.0;29.0;13.0;116.0;22.0
2021-03-23 13:51:00;0.0;0.0;62.0;0.0;0.0;0.0;0.0;59.0;0.0;0.0;0.0;59.0;0.0;0.0;0.0;0.0;0.0;0.0;53.43;3950.204;0.0;0.0;62.0;0.0;0.0;0.0;335.0;12.0;6.0;21.0;10.0;3.0;1.0;5.0;0.0;31.0;152.0;22.0;65.0
2021-03-23 17:51:00;0.0;0.0;64.0;1.0;0.0;0.0;0.0;57.0;0.0;0.0;0.0;7.0;22.0;28.0;0.0;0.0;0.0;0.0;55.96;3870.835;0.0;0.0;64.0;0.0;1.0;0.0;149.0;9.0;5.0;15.0;7.0;3.0;1.0;4.0;0.0;17.0;6.0;65.0;0.0
2021-03-23 21:51:00;0.0;0.0;0.0;0.0;0.0;0.0;0.0;0.0;0.0;0.0;0.0;0.0;0.0;0.0;0.0;0.0;0.0;0.0;0.0;0.0;0.0;0.0;0.0;0.0;0.0;0.0;170.0;11.0;5.0;13.0;9.0;1.0;0.0;3.0;0.0;13.0;40.0;0.0;0.0
2021-03-24 01:51:00;0.0;0.0;0.0;0.0;0.0;0.0;0.0;0.0;0.0;0.0;0.0;0.0;0.0;0.0;0.0;0.0;0.0;0.0;0.0;0.0;0.0;0.0;0.0;0.0;0.0;0.0;272.0;15.0;7.0;17.0;15.0;4.0;0.0;4.0;0.0;27.0;4.0;0.0;134.0
2021-03-24 05:51:00;0.0;0.0;123.0;11.0;0.0;0.0;0.0;52.0;64.0;0.0;64.0;16.0;19.0;17.0;0.0;0.0;0.0;0.0;115.48;7547.419;0.0;0.0;134.0;0.0;0.0;0.0;334.0;18.0;9.0;25.0;17.0;4.0;2.0;6.0;0.0;36.0;55.0;134.0;0.0
2021-03-24 09:51:00;0.0;0.0;0.0;0.0;0.0;0.0;0.0;0.0;0.0;0.0;0.0;0.0;0.0;0.0;0.0;0.0;0.0;0.0;0.0;0.0;0.0;0.0;0.0;0.0;0.0;0.0;193.0;11.0;3.0;17.0;6.0;4.0;0.0;3.0;0.0;22.0;20.0;0.0;62.0
2021-03-24 13:51:00;0.0;0.0;62.0;0.0;0.0;0.0;0.0;54.0;0.0;0.0;0.0;25.0;16.0;13.0;0.0;0.0;0.0;0.0;53.49;3967.541;0.0;0.0;62.0;0.0;0.0;0.0;274.0;13.0;5.0;18.0;11.0;3.0;1.0;4.0;0.0;40.0;120.0;62.0;0.0
2021-03-24 17:51:00;0.0;0.0;0.0;0.0;0.0;0.0;0.0;0.0;0.0;0.0;0.0;0.0;0.0;0.0;0.0;0.0;0.0;0.0;0.0;0.0;0.0;0.0;0.0;0.0;0.0;0.0;303.0;21.0;7.0;19.0;23.0;5.0;0.0;4.0;0.0;57.0;49.0;0.0;0.0
2021-03-24 21:51:00;0.0;0.0;0.0;0.0;0.0;0.0;0.0;0.0;0.0;0.0;0.0;0.0;0.0;0.0;0.0;0.0;0.0;0.0;0.0;0.0;0.0;0.0;0.0;0.0;0.0;0.0;88.0;10.0;4.0;18.0;9.0;1.0;0.0;6.0;0.0;18.0;54.0;0.0;0.0
2021-03-25 01:51:00;0.0;0.0;0.0;0.0;0.0;0.0;0.0;0.0;0.0;0.0;0.0;0.0;0.0;0.0;0.0;0.0;0.0;0.0;0.0;0.0;0.0;0.0;0.0;0.0;0.0;0.0;170.0;9.0;4.0;18.0;6.0;2.0;0.0;3.0;0.0;11.0;56.0;0.0;0.0
2021-03-25 05:51:00;0.0;0.0;0.0;0.0;0.0;0.0;0.0;0.0;0.0;0.0;0.0;0.0;0.0;0.0;0.0;0.0;0.0;0.0;0.0;0.0;0.0;0.0;0.0;0.0;0.0;0.0;181.0;11.0;5.0;15.0;5.0;4.0;0.0;4.0;0.0;6.0;20.0;0.0;54.0
2021-03-25 09:51:00;0.0;0.0;62.0;0.0;0.0;0.0;0.0;59.0;0.0;0.0;0.0;59.0;0.0;0.0;0.0;0.0;0.0;0.0;53.54;3895.883;0.0;0.0;62.0;0.0;0.0;0.0;371.0;20.0;10.0;19.0;23.0;4.0;1.0;4.0;0.0;56.0;53.0;54.0;64.0
2021-03-25 13:51:00;0.0;0.0;63.0;1.0;0.0;0.0;0.0;53.0;0.0;0.0;0.0;20.0;9.0;24.0;0.0;0.0;0.0;0.0;56.56;3962.347;0.0;8.0;55.0;0.0;1.0;0.0;379.0;21.0;8.0;19.0;21.0;5.0;1.0;5.0;0.0;50.0;79.0;64.0;0.0
2021-03-25 17:51:00;0.0;0.0;0.0;0.0;0.0;0.0;0.0;0.0;0.0;0.0;0.0;0.0;0.0;0.0;0.0;0.0;0.0;0.0;0.0;0.0;0.0;0.0;0.0;0.0;0.0;0.0;183.0;11.0;1.0;15.0;1.0;1.0;0.0;3.0;0.0;1.0;3.0;0.0;0.0
2021-03-25 21:51:00;0.0;0.0;0.0;0.0;0.0;0.0;0.0;0.0;0.0;0.0;0.0;0.0;0.0;0.0;0.0;0.0;0.0;0.0;0.0;0.0;0.0;0.0;0.0;0.0;0.0;0.0;314.0;5.0;4.0;20.0;3.0;2.0;0.0;6.0;0.0;9.0;60.0;0.0;0.0
2021-03-26 01:51:00;0.0;0.0;0.0;0.0;0.0;0.0;0.0;0.0;0.0;0.0;0.0;0.0;0.0;0.0;0.0;0.0;0.0;0.0;0.0;0.0;0.0;0.0;0.0;0.0;0.0;0.0;208.0;7.0;2.0;17.0;2.0;2.0;0.0;3.0;0.0;4.0;21.0;0.0;62.0
2021-03-26 05:51:00;0.0;0.0;62.0;0.0;0.0;0.0;0.0;60.0;0.0;0.0;0.0;45.0;3.0;12.0;0.0;0.0;0.0;0.0;53.5;3974.753;0.0;0.0;62.0;0.0;0.0;0.0;273.0;15.0;8.0;17.0;15.0;5.0;1.0;5.0;0.0;34.0;7.0;62.0;64.0
2021-03-26 09:51:00;0.0;0.0;64.0;0.0;0.0;0.0;0.0;50.0;0.0;0.0;0.0;16.0;7.0;27.0;0.0;0.0;0.0;0.0;55.88;3851.76;0.0;5.0;59.0;0.0;0.0;0.0;342.0;18.0;9.0;17.0;18.0;4.0;1.0;2.0;0.0;48.0;66.0;64.0;65.0
2021-03-26 13:51:00;0.0;1.0;65.0;0.0;0.0;0.0;0.0;59.0;0.0;0.0;0.0;22.0;19.0;18.0;0.0;0.0;0.0;0.0;57.0;3932.191;3.0;3.0;59.0;0.0;0.0;0.0;410.0;17.0;7.0;18.0;11.0;3.0;1.0;4.0;0.0;41.0;182.0;65.0;63.0
2021-03-26 17:51:00;0.0;0.0;60.0;5.0;0.0;0.0;0.0;51.0;0.0;0.0;0.0;10.0;21.0;20.0;0.0;0.0;0.0;0.0;57.23;3821.136;3.0;0.0;59.0;0.0;3.0;0.0;450.0;12.0;7.0;21.0;10.0;7.0;1.0;4.0;0.0;40.0;46.0;63.0;64.0
2021-03-26 21:51:00;0.0;0.0;64.0;0.0;0.0;0.0;0.0;60.0;0.0;0.0;0.0;20.0;12.0;28.0;0.0;0.0;0.0;0.0;55.12;3938.36;0.0;0.0;64.0;0.0;0.0;0.0;249.0;11.0;5.0;17.0;7.0;3.0;1.0;4.0;0.0;16.0;49.0;64.0;62.0
2021-03-27 01:51:00;0.0;0.0;62.0;0.0;0.0;0.0;0.0;60.0;0.0;0.0;0.0;25.0;20.0;15.0;0.0;0.0;0.0;0.0;53.75;3961.993;0.0;0.0;62.0;0.0;0.0;0.0;289.0;17.0;8.0;16.0;13.0;4.0;1.0;5.0;0.0;39.0;36.0;62.0;63.0
2021-03-27 05:51:00;0.0;0.0;63.0;0.0;0.0;0.0;0.0;62.0;0.0;0.0;0.0;22.0;16.0;24.0;0.0;0.0;0.0;0.0;54.45;3919.916;0.0;0.0;63.0;0.0;0.0;0.0;332.0;5.0;4.0;16.0;3.0;2.0;1.0;6.0;0.0;7.0;17.0;63.0;61.0
2021-03-27 09:51:00;0.0;0.0;61.0;1.0;0.0;0.0;0.0;43.0;0.0;0.0;0.0;21.0;13.0;9.0;0.0;0.0;0.0;0.0;55.71;3876.64;0.0;16.0;46.0;0.0;0.0;0.0;190.0;19.0;7.0;14.0;14.0;4.0;1.0;4.0;1.0;46.0;28.0;61.0;64.0
2021-03-27 13:51:00;0.0;0.0;64.0;0.0;0.0;0.0;0.0;62.0;0.0;0.0;0.0;9.0;43.0;10.0;0.0;0.0;0.0;0.0;55.22;3912.224;0.0;0.0;64.0;0.0;0.0;0.0;417.0;23.0;6.0;17.0;19.0;3.0;1.0;5.0;0.0;48.0;162.0;64.0;0.0
2021-03-27 17:51:00;0.0;0.0;0.0;0.0;0.0;0.0;0.0;0.0;0.0;0.0;0.0;0.0;0.0;0.0;0.0;0.0;0.0;0.0;0.0;0.0;0.0;0.0;0.0;0.0;0.0;0.0;329.0;25.0;7.0;18.0;20.0;2.0;0.0;3.0;0.0;40.0;49.0;0.0;62.0
2021-03-27 21:51:00;0.0;0.0;62.0;0.0;0.0;0.0;0.0;40.0;0.0;0.0;0.0;8.0;19.0;13.0;0.0;0.0;0.0;0.0;53.79;3880.089;0.0;0.0;62.0;0.0;0.0;0.0;356.0;24.0;5.0;20.0;18.0;2.0;1.0;6.0;0.0;39.0;49.0;62.0;0.0
2021-03-28 01:51:00;0.0;0.0;0.0;0.0;0.0;0.0;0.0;0.0;0.0;0.0;0.0;0.0;0.0;0.0;0.0;0.0;0.0;0.0;0.0;0.0;0.0;0.0;0.0;0.0;0.0;0.0;373.0;6.0;4.0;18.0;4.0;3.0;0.0;4.0;0.0;10.0;42.0;0.0;125.0
2021-03-28 05:51:00;0.0;0.0;125.0;0.0;0.0;0.0;0.0;61.0;62.0;0.0;62.0;61.0;0.0;0.0;0.0;0.0;0.0;0.0;107.86;7885.105;0.0;0.0;125.0;0.0;0.0;0.0;485.0;33.0;5.0;19.0;25.0;3.0;2.0;6.0;0.0;61.0;63.0;125.0;63.0
2021-03-28 09:51:00;0.0;0.0;63.0;0.0;0.0;0.0;0.0;52.0;0.0;0.0;0.0;35.0;7.0;10.0;0.0;0.0;0.0;0.0;54.36;3926.305;0.0;0.0;63.0;0.0;0.0;0.0;242.0;31.0;7.0;16.0;27.0;3.0;1.0;4.0;0.0;55.0;23.0;63.0;65.0
2021-03-28 13:51:00;0.0;0.0;65.0;0.0;0.0;0.0;0.0;40.0;0.0;0.0;0.0;40.0;0.0;0.0;0.0;0.0;0.0;0.0;56.25;3891.464;0.0;2.0;63.0;0.0;0.0;0.0;361.0;27.0;7.0;19.0;23.0;3.0;1.0;5.0;0.0;51.0;125.0;65.0;0.0
2021-03-28 17:51:00;0.0;0.0;0.0;0.0;0.0;0.0;0.0;0.0;0.0;0.0;0.0;0.0;0.0;0.0;0.0;0.0;0.0;0.0;0.0;0.0;0.0;0.0;0.0;0.0;0.0;0.0;315.0;18.0;4.0;16.0;6.0;3.0;0.0;3.0;0.0;17.0;43.0;0.0;54.0
2021-03-28 21:51:00;0.0;0.0;61.0;0.0;0.0;0.0;0.0;60.0;0.0;0.0;0.0;60.0;0.0;0.0;0.0;0.0;0.0;0.0;52.75;3947.278;0.0;0.0;61.0;0.0;0.0;0.0;269.0;11.0;4.0;20.0;5.0;3.0;1.0;5.0;0.0;13.0;31.0;54.0;50.0
2021-03-29 01:51:00;0.0;0.0;64.0;0.0;0.0;0.0;0.0;63.0;0.0;0.0;0.0;36.0;9.0;18.0;0.0;0.0;0.0;0.0;55.13;3919.04;0.0;0.0;64.0;0.0;0.0;0.0;465.0;12.0;7.0;19.0;8.0;4.0;1.0;7.0;0.0;22.0;42.0;50.0;51.0
2021-03-29 05:51:00;0.0;0.0;62.0;0.0;0.0;0.0;0.0;59.0;0.0;0.0;0.0;19.0;26.0;14.0;0.0;0.0;0.0;0.0;53.5;4014.464;0.0;0.0;62.0;0.0;0.0;0.0;307.0;14.0;7.0;18.0;9.0;4.0;1.0;4.0;0.0;30.0;5.0;51.0;61.0
2021-03-29 09:51:00;0.0;0.0;62.0;0.0;0.0;0.0;0.0;55.0;0.0;0.0;0.0;31.0;13.0;11.0;0.0;0.0;0.0;0.0;55.43;3910.624;0.0;8.0;50.0;0.0;4.0;0.0;265.0;23.0;8.0;20.0;19.0;5.0;1.0;4.0;0.0;46.0;66.0;61.0;125.0
2021-03-29 13:51:00;0.0;0.0;125.0;0.0;0.0;0.0;0.0;102.0;0.0;0.0;0.0;37.0;49.0;16.0;0.0;0.0;0.0;0.0;108.82;7815.54;0.0;8.0;117.0;0.0;0.0;0.0;398.0;33.0;6.0;17.0;27.0;3.0;1.0;5.0;0.0;67.0;151.0;125.0;42.0
2021-03-29 17:51:00;0.0;0.0;64.0;0.0;0.0;0.0;0.0;64.0;0.0;0.0;0.0;38.0;22.0;4.0;0.0;0.0;0.0;0.0;55.19;3929.739;0.0;0.0;64.0;0.0;0.0;0.0;416.0;12.0;6.0;18.0;7.0;2.0;1.0;6.0;0.0;10.0;32.0;42.0;0.0
2021-03-29 21:51:00;0.0;0.0;0.0;0.0;0.0;0.0;0.0;0.0;0.0;0.0;0.0;0.0;0.0;0.0;0.0;0.0;0.0;0.0;0.0;0.0;0.0;0.0;0.0;0.0;0.0;0.0;324.0;20.0;6.0;16.0;14.0;2.0;0.0;3.0;0.0;23.0;73.0;0.0;0.0
2021-03-30 01:51:00;0.0;0.0;0.0;0.0;0.0;0.0;0.0;0.0;0.0;0.0;0.0;0.0;0.0;0.0;0.0;0.0;0.0;0.0;0.0;0.0;0.0;0.0;0.0;0.0;0.0;0.0;184.0;2.0;1.0;21.0;1.0;1.0;0.0;4.0;0.0;1.0;3.0;0.0;63.0
2021-03-30 05:51:00;0.0;0.0;63.0;0.0;0.0;0.0;0.0;53.0;0.0;0.0;0.0;28.0;14.0;11.0;0.0;0.0;0.0;0.0;54.29;3913.789;0.0;0.0;63.0;0.0;0.0;0.0;312.0;18.0;5.0;21.0;15.0;2.0;1.0;3.0;0.0;31.0;0.0;63.0;61.0
2021-03-30 09:51:00;0.0;0.0;62.0;0.0;0.0;0.0;0.0;56.0;0.0;0.0;0.0;25.0;22.0;9.0;0.0;0.0;0.0;0.0;53.46;3867.515;0.0;0.0;62.0;0.0;0.0;0.0;191.0;12.0;3.0;15.0;7.0;2.0;1.0;4.0;0.0;13.0;21.0;61.0;125.0
2021-03-30 13:51:00;0.0;0.0;125.0;0.0;0.0;0.0;0.0;120.0;0.0;0.0;0.0;50.0;42.0;28.0;0.0;0.0;0.0;0.0;107.8;7841.625;0.0;0.0;125.0;0.0;0.0;0.0;407.0;33.0;9.0;22.0;36.0;6.0;2.0;5.0;0.0;71.0;136.0;125.0;0.0
2021-03-30 17:51:00;0.0;0.0;0.0;0.0;0.0;0.0;0.0;0.0;0.0;0.0;0.0;0.0;0.0;0.0;0.0;0.0;0.0;0.0;0.0;0.0;0.0;0.0;0.0;0.0;0.0;0.0;98.0;9.0;1.0;12.0;2.0;2.0;0.0;2.0;0.0;3.0;22.0;0.0;0.0
2021-03-30 21:51:00;0.0;0.0;0.0;0.0;0.0;0.0;0.0;0.0;0.0;0.0;0.0;0.0;0.0;0.0;0.0;0.0;0.0;0.0;0.0;0.0;0.0;0.0;0.0;0.0;0.0;0.0;363.0;18.0;7.0;22.0;16.0;2.0;0.0;5.0;0.0;31.0;95.0;0.0;45.0
2021-03-31 01:51:00;0.0;0.0;65.0;0.0;0.0;0.0;0.0;57.0;0.0;0.0;0.0;24.0;7.0;26.0;0.0;0.0;0.0;0.0;56.91;3948.62;0.0;6.0;59.0;0.0;0.0;0.0;177.0;19.0;7.0;20.0;12.0;4.0;1.0;3.0;0.0;23.0;25.0;45.0;63.0
2021-03-31 05:51:00;0.0;0.0;63.0;0.0;0.0;0.0;0.0;52.0;0.0;0.0;0.0;20.0;12.0;20.0;0.0;0.0;0.0;0.0;54.38;3898.38;0.0;0.0;63.0;0.0;0.0;0.0;290.0;17.0;5.0;20.0;13.0;2.0;1.0;5.0;0.0;22.0;6.0;63.0;0.0
2021-03-31 09:51:00;0.0;0.0;0.0;0.0;0.0;0.0;0.0;0.0;0.0;0.0;0.0;0.0;0.0;0.0;0.0;0.0;0.0;0.0;0.0;0.0;0.0;0.0;0.0;0.0;0.0;0.0;128.0;4.0;1.0;16.0;1.0;1.0;0.0;3.0;0.0;1.0;1.0;0.0;0.0
2021-03-31 13:51:00;0.0;0.0;0.0;0.0;0.0;0.0;0.0;0.0;0.0;0.0;0.0;0.0;0.0;0.0;0.0;0.0;0.0;0.0;0.0;0.0;0.0;0.0;0.0;0.0;0.0;0.0;279.0;16.0;4.0;20.0;15.0;2.0;0.0;4.0;0.0;42.0;136.0;0.0;62.0
2021-03-31 17:51:00;0.0;0.0;62.0;0.0;0.0;0.0;0.0;52.0;0.0;0.0;0.0;52.0;0.0;0.0;0.0;0.0;0.0;0.0;53.56;3932.419;0.0;0.0;62.0;0.0;0.0;0.0;270.0;22.0;4.0;20.0;10.0;3.0;1.0;6.0;0.0;17.0;23.0;62.0;0.0
2021-03-31 21:51:00;0.0;0.0;0.0;0.0;0.0;0.0;0.0;0.0;0.0;0.0;0.0;0.0;0.0;0.0;0.0;0.0;0.0;0.0;0.0;0.0;0.0;0.0;0.0;0.0;0.0;0.0;261.0;19.0;6.0;21.0;16.0;1.0;0.0;4.0;0.0;47.0;77.0;0.0;0.0
2021-04-01 01:51:00;0.0;0.0;0.0;0.0;0.0;0.0;0.0;0.0;0.0;0.0;0.0;0.0;0.0;0.0;0.0;0.0;0.0;0.0;0.0;0.0;0.0;0.0;0.0;0.0;0.0;0.0;110.0;3.0;2.0;14.0;2.0;2.0;0.0;3.0;0.0;2.0;4.0;0.0;125.0
2021-04-01 05:51:00;0.0;0.0;122.0;3.0;0.0;0.0;0.0;92.0;0.0;0.0;0.0;45.0;25.0;22.0;0.0;0.0;0.0;0.0;107.64;7634.923;0.0;0.0;125.0;0.0;0.0;0.0;461.0;20.0;5.0;22.0;19.0;5.0;1.0;6.0;0.0;51.0;28.0;125.0;0.0
2021-04-01 09:51:00;0.0;0.0;0.0;0.0;0.0;0.0;0.0;0.0;0.0;0.0;0.0;0.0;0.0;0.0;0.0;0.0;0.0;0.0;0.0;0.0;0.0;0.0;0.0;0.0;0.0;0.0;178.0;15.0;8.0;25.0;14.0;5.0;0.0;2.0;0.0;37.0;57.0;0.0;62.0
2021-04-01 13:51:00;0.0;1.0;62.0;0.0;0.0;0.0;0.0;54.0;0.0;0.0;0.0;17.0;23.0;14.0;0.0;0.0;0.0;0.0;54.07;4002.124;0.0;4.0;58.0;0.0;0.0;0.0;385.0;15.0;7.0;22.0;15.0;3.0;1.0;4.0;0.0;37.0;185.0;62.0;61.0
2021-04-01 17:51:00;0.0;0.0;61.0;0.0;0.0;0.0;0.0;0.0;61.0;0.0;61.0;0.0;0.0;0.0;0.0;0.0;0.0;0.0;52.59;3902.448;0.0;0.0;61.0;0.0;0.0;0.0;335.0;15.0;9.0;26.0;10.0;6.0;1.0;4.0;0.0;31.0;8.0;61.0;62.0
2021-04-01 21:51:00;0.0;8.0;60.0;2.0;0.0;0.0;0.0;52.0;0.0;0.0;0.0;21.0;21.0;10.0;0.0;0.0;0.0;0.0;54.75;3770.357;0.0;10.0;52.0;0.0;0.0;0.0;449.0;21.0;9.0;27.0;16.0;5.0;1.0;4.0;0.0;51.0;108.0;62.0;66.0
2021-04-02 01:51:00;0.0;0.0;63.0;3.0;0.0;0.0;0.0;61.0;0.0;0.0;0.0;4.0;34.0;23.0;0.0;0.0;0.0;0.0;57.12;3850.369;0.0;2.0;64.0;0.0;0.0;0.0;257.0;19.0;10.0;18.0;12.0;7.0;1.0;3.0;0.0;25.0;4.0;66.0;0.0
2021-04-02 05:51:00;0.0;0.0;0.0;0.0;0.0;0.0;0.0;0.0;0.0;0.0;0.0;0.0;0.0;0.0;0.0;0.0;0.0;0.0;0.0;0.0;0.0;0.0;0.0;0.0;0.0;0.0;379.0;7.0;4.0;19.0;5.0;2.0;0.0;5.0;0.0;11.0;75.0;0.0;67.0
2021-04-02 09:51:00;0.0;0.0;63.0;4.0;0.0;0.0;0.0;62.0;0.0;0.0;0.0;13.0;21.0;28.0;0.0;0.0;0.0;0.0;58.67;3836.315;0.0;0.0;65.0;2.0;0.0;0.0;413.0;18.0;8.0;24.0;15.0;6.0;1.0;4.0;3.0;39.0;35.0;67.0;65.0
2021-04-02 13:51:00;0.0;0.0;65.0;0.0;0.0;0.0;0.0;56.0;0.0;0.0;0.0;56.0;0.0;0.0;0.0;0.0;0.0;0.0;55.91;3888.14;0.0;0.0;65.0;0.0;0.0;0.0;342.0;17.0;9.0;18.0;17.0;6.0;1.0;4.0;0.0;38.0;49.0;65.0;50.0
2021-04-02 17:51:00;0.0;0.0;64.0;2.0;0.0;0.0;0.0;55.0;0.0;0.0;0.0;38.0;8.0;9.0;0.0;0.0;0.0;0.0;56.99;3841.22;0.0;1.0;65.0;0.0;0.0;0.0;510.0;24.0;8.0;17.0;22.0;5.0;1.0;5.0;0.0;60.0;149.0;50.0;0.0
2021-04-02 21:51:00;0.0;0.0;0.0;0.0;0.0;0.0;0.0;0.0;0.0;0.0;0.0;0.0;0.0;0.0;0.0;0.0;0.0;0.0;0.0;0.0;0.0;0.0;0.0;0.0;0.0;0.0;313.0;17.0;6.0;18.0;13.0;2.0;0.0;4.0;0.0;31.0;54.0;0.0;0.0
2021-04-03 01:51:00;0.0;0.0;0.0;0.0;0.0;0.0;0.0;0.0;0.0;0.0;0.0;0.0;0.0;0.0;0.0;0.0;0.0;0.0;0.0;0.0;0.0;0.0;0.0;0.0;0.0;0.0;136.0;6.0;5.0;13.0;5.0;3.0;0.0;2.0;0.0;6.0;38.0;0.0;0.0
2021-04-03 05:51:00;0.0;0.0;0.0;0.0;0.0;0.0;0.0;0.0;0.0;0.0;0.0;0.0;0.0;0.0;0.0;0.0;0.0;0.0;0.0;0.0;0.0;0.0;0.0;0.0;0.0;0.0;360.0;12.0;4.0;15.0;9.0;3.0;0.0;4.0;0.0;15.0;89.0;0.0;63.0
2021-04-03 09:51:00;0.0;0.0;63.0;0.0;0.0;0.0;0.0;56.0;0.0;0.0;0.0;23.0;23.0;10.0;0.0;0.0;0.0;0.0;54.25;3860.858;0.0;0.0;63.0;0.0;0.0;0.0;256.0;15.0;7.0;17.0;15.0;5.0;1.0;3.0;0.0;37.0;0.0;63.0;191.0
2021-04-03 13:51:00;0.0;0.0;187.0;5.0;0.0;0.0;0.0;165.0;0.0;0.0;0.0;81.0;39.0;45.0;0.0;0.0;0.0;0.0;165.62;11693.407;0.0;1.0;191.0;0.0;0.0;0.0;535.0;27.0;9.0;23.0;22.0;5.0;2.0;7.0;3.0;74.0;185.0;191.0;0.0
2021-04-03 17:51:00;0.0;0.0;0.0;0.0;0.0;0.0;0.0;0.0;0.0;0.0;0.0;0.0;0.0;0.0;0.0;0.0;0.0;0.0;0.0;0.0;0.0;0.0;0.0;0.0;0.0;0.0;268.0;20.0;6.0;16.0;16.0;4.0;0.0;4.0;0.0;35.0;23.0;0.0;0.0
2021-04-03 21:51:00;0.0;0.0;0.0;0.0;0.0;0.0;0.0;0.0;0.0;0.0;0.0;0.0;0.0;0.0;0.0;0.0;0.0;0.0;0.0;0.0;0.0;0.0;0.0;0.0;0.0;0.0;220.0;3.0;2.0;21.0;2.0;1.0;0.0;3.0;0.0;3.0;35.0;0.0;62.0
2021-04-04 01:51:00;0.0;0.0;63.0;0.0;0.0;0.0;0.0;53.0;0.0;0.0;0.0;48.0;0.0;2.0;3.0;0.0;0.0;0.0;54.35;3940.089;0.0;0.0;63.0;0.0;0.0;0.0;243.0;22.0;6.0;17.0;21.0;5.0;1.0;5.0;0.0;50.0;4.0;62.0;0.0
2021-04-04 05:51:00;0.0;0.0;0.0;0.0;0.0;0.0;0.0;0.0;0.0;0.0;0.0;0.0;0.0;0.0;0.0;0.0;0.0;0.0;0.0;0.0;0.0;0.0;0.0;0.0;0.0;0.0;205.0;10.0;4.0;18.0;9.0;2.0;0.0;4.0;0.0;14.0;82.0;0.0;66.0
2021-04-04 09:51:00;0.0;0.0;64.0;4.0;0.0;0.0;0.0;40.0;0.0;0.0;0.0;16.0;13.0;11.0;0.0;0.0;0.0;0.0;58.59;3779.852;0.0;0.0;68.0;0.0;0.0;0.0;277.0;22.0;6.0;17.0;22.0;5.0;1.0;4.0;0.0;57.0;1.0;66.0;0.0
2021-04-04 13:51:00;0.0;0.0;0.0;0.0;0.0;0.0;0.0;0.0;0.0;0.0;0.0;0.0;0.0;0.0;0.0;0.0;0.0;0.0;0.0;0.0;0.0;0.0;0.0;0.0;0.0;0.0;261.0;15.0;5.0;18.0;14.0;1.0;0.0;5.0;0.0;36.0;108.0;0.0;62.0
2021-04-04 17:51:00;0.0;0.0;63.0;0.0;0.0;0.0;0.0;57.0;0.0;0.0;0.0;5.0;22.0;30.0;0.0;0.0;0.0;0.0;54.26;3925.589;0.0;0.0;63.0;0.0;0.0;0.0;274.0;17.0;3.0;18.0;8.0;2.0;1.0;5.0;0.0;12.0;0.0;62.0;0.0
2021-04-04 21:51:00;0.0;0.0;0.0;0.0;0.0;0.0;0.0;0.0;0.0;0.0;0.0;0.0;0.0;0.0;0.0;0.0;0.0;0.0;0.0;0.0;0.0;0.0;0.0;0.0;0.0;0.0;113.0;6.0;7.0;13.0;5.0;4.0;0.0;2.0;0.0;10.0;45.0;0.0;0.0
2021-04-05 01:51:00;0.0;0.0;0.0;0.0;0.0;0.0;0.0;0.0;0.0;0.0;0.0;0.0;0.0;0.0;0.0;0.0;0.0;0.0;0.0;0.0;0.0;0.0;0.0;0.0;0.0;0.0;240.0;15.0;7.0;20.0;15.0;4.0;0.0;5.0;0.0;36.0;0.0;0.0;66.0
2021-04-05 05:51:00;0.0;0.0;64.0;2.0;0.0;0.0;0.0;60.0;0.0;0.0;0.0;60.0;0.0;0.0;0.0;0.0;0.0;0.0;56.88;3860.008;0.0;0.0;66.0;0.0;0.0;0.0;213.0;9.0;7.0;23.0;8.0;4.0;1.0;4.0;1.0;16.0;61.0;66.0;62.0
2021-04-05 09:51:00;0.0;3.0;64.0;0.0;0.0;0.0;0.0;37.0;0.0;0.0;0.0;16.0;13.0;8.0;0.0;0.0;0.0;0.0;57.34;3960.716;0.0;11.0;49.0;0.0;4.0;0.0;332.0;28.0;8.0;21.0;24.0;4.0;1.0;4.0;0.0;60.0;62.0;62.0;0.0
2021-04-05 13:51:00;0.0;0.0;0.0;0.0;0.0;0.0;0.0;0.0;0.0;0.0;0.0;0.0;0.0;0.0;0.0;0.0;0.0;0.0;0.0;0.0;0.0;0.0;0.0;0.0;0.0;0.0;296.0;13.0;6.0;16.0;10.0;2.0;0.0;3.0;0.0;30.0;145.0;0.0;0.0
2021-04-05 17:51:00;0.0;0.0;0.0;0.0;0.0;0.0;0.0;0.0;0.0;0.0;0.0;0.0;0.0;0.0;0.0;0.0;0.0;0.0;0.0;0.0;0.0;0.0;0.0;0.0;0.0;0.0;266.0;4.0;4.0;17.0;3.0;1.0;0.0;3.0;0.0;7.0;20.0;0.0;0.0
2021-04-05 21:51:00;0.0;0.0;0.0;0.0;0.0;0.0;0.0;0.0;0.0;0.0;0.0;0.0;0.0;0.0;0.0;0.0;0.0;0.0;0.0;0.0;0.0;0.0;0.0;0.0;0.0;0.0;163.0;14.0;1.0;22.0;11.0;1.0;0.0;5.0;0.0;16.0;42.0;0.0;65.0
2021-04-06 01:51:00;0.0;0.0;65.0;0.0;0.0;0.0;0.0;60.0;0.0;0.0;0.0;30.0;10.0;20.0;0.0;0.0;0.0;0.0;56.12;3942.482;0.0;1.0;64.0;0.0;0.0;0.0;391.0;23.0;9.0;18.0;18.0;6.0;1.0;5.0;0.0;35.0;7.0;65.0;61.0
2021-04-06 05:51:00;0.0;0.0;61.0;0.0;0.0;0.0;0.0;0.0;59.0;0.0;59.0;0.0;0.0;0.0;0.0;0.0;0.0;0.0;52.7;3862.371;0.0;0.0;61.0;0.0;0.0;0.0;263.0;16.0;7.0;17.0;14.0;4.0;1.0;4.0;0.0;35.0;17.0;61.0;61.0
2021-04-06 09:51:00;0.0;0.0;61.0;0.0;0.0;0.0;0.0;50.0;0.0;0.0;0.0;27.0;19.0;4.0;0.0;0.0;0.0;0.0;52.52;3926.632;0.0;0.0;61.0;0.0;0.0;0.0;322.0;23.0;5.0;20.0;12.0;3.0;1.0;5.0;0.0;35.0;107.0;61.0;40.0
2021-04-06 13:51:00;0.0;0.0;63.0;0.0;0.0;0.0;0.0;52.0;0.0;0.0;0.0;24.0;24.0;4.0;0.0;0.0;0.0;0.0;54.22;3950.018;0.0;0.0;63.0;0.0;0.0;0.0;587.0;31.0;9.0;22.0;27.0;6.0;1.0;5.0;0.0;74.0;190.0;40.0;63.0
2021-04-06 17:51:00;0.0;0.0;63.0;0.0;0.0;0.0;0.0;62.0;0.0;0.0;0.0;62.0;0.0;0.0;0.0;0.0;0.0;0.0;54.32;3939.242;0.0;0.0;63.0;0.0;0.0;0.0;394.0;6.0;3.0;19.0;2.0;2.0;1.0;6.0;0.0;13.0;4.0;63.0;62.0
2021-04-06 21:51:00;0.0;0.0;61.0;4.0;0.0;0.0;0.0;42.0;0.0;0.0;0.0;21.0;14.0;7.0;0.0;0.0;0.0;0.0;57.51;3806.904;0.0;0.0;57.0;0.0;8.0;0.0;355.0;22.0;7.0;19.0;16.0;5.0;1.0;4.0;0.0;43.0;73.0;62.0;0.0
2021-04-07 01:51:00;0.0;0.0;0.0;0.0;0.0;0.0;0.0;0.0;0.0;0.0;0.0;0.0;0.0;0.0;0.0;0.0;0.0;0.0;0.0;0.0;0.0;0.0;0.0;0.0;0.0;0.0;136.0;1.0;0.0;14.0;0.0;0.0;0.0;4.0;0.0;0.0;0.0;0.0;0.0
2021-04-07 05:51:00;0.0;0.0;0.0;0.0;0.0;0.0;0.0;0.0;0.0;0.0;0.0;0.0;0.0;0.0;0.0;0.0;0.0;0.0;0.0;0.0;0.0;0.0;0.0;0.0;0.0;0.0;231.0;6.0;9.0;17.0;6.0;6.0;0.0;3.0;0.0;28.0;61.0;0.0;64.0
2021-04-07 09:51:00;0.0;0.0;64.0;0.0;0.0;0.0;0.0;61.0;0.0;0.0;0.0;29.0;15.0;17.0;0.0;0.0;0.0;0.0;55.12;3961.472;0.0;0.0;64.0;0.0;0.0;0.0;286.0;11.0;8.0;20.0;9.0;5.0;1.0;4.0;0.0;31.0;47.0;64.0;60.0
2021-04-07 13:51:00;0.0;0.0;60.0;0.0;0.0;0.0;0.0;0.0;60.0;0.0;60.0;0.0;0.0;0.0;0.0;0.0;0.0;0.0;51.79;3894.297;0.0;0.0;60.0;0.0;0.0;0.0;462.0;22.0;8.0;17.0;18.0;3.0;1.0;5.0;0.0;59.0;259.0;60.0;63.0
2021-04-07 17:51:00;0.0;0.0;64.0;0.0;0.0;0.0;0.0;54.0;0.0;0.0;0.0;54.0;0.0;0.0;0.0;0.0;0.0;0.0;57.24;4033.91;0.0;4.0;52.0;0.0;8.0;0.0;421.0;22.0;10.0;21.0;18.0;6.0;1.0;7.0;0.0;53.0;19.0;63.0;60.0
2021-04-07 21:51:00;0.0;0.0;61.0;5.0;0.0;0.0;0.0;53.0;0.0;0.0;0.0;20.0;20.0;13.0;0.0;0.0;0.0;0.0;56.78;3795.687;0.0;0.0;66.0;0.0;0.0;0.0;361.0;22.0;7.0;16.0;14.0;4.0;1.0;5.0;0.0;32.0;41.0;60.0;61.0
2021-04-08 01:51:00;0.0;0.0;62.0;0.0;0.0;0.0;0.0;56.0;0.0;0.0;0.0;19.0;20.0;17.0;0.0;0.0;0.0;0.0;53.95;3911.223;0.0;2.0;59.0;0.0;1.0;0.0;270.0;18.0;7.0;14.0;13.0;4.0;1.0;4.0;0.0;42.0;1.0;61.0;62.0
2021-04-08 05:51:00;0.0;0.0;62.0;0.0;0.0;0.0;0.0;61.0;0.0;0.0;0.0;46.0;9.0;6.0;0.0;0.0;0.0;0.0;53.4;3961.763;0.0;0.0;62.0;0.0;0.0;0.0;383.0;11.0;6.0;20.0;7.0;3.0;1.0;5.0;0.0;16.0;65.0;62.0;61.0
2021-04-08 09:51:00;0.0;0.0;62.0;0.0;0.0;0.0;0.0;39.0;0.0;0.0;0.0;12.0;4.0;23.0;0.0;0.0;0.0;0.0;53.48;3968.252;0.0;0.0;62.0;0.0;0.0;0.0;219.0;20.0;7.0;16.0;17.0;3.0;1.0;3.0;0.0;59.0;45.0;61.0;191.0
2021-04-08 13:51:00;0.0;0.0;191.0;0.0;0.0;0.0;0.0;120.0;65.0;0.0;65.0;80.0;27.0;13.0;0.0;0.0;0.0;0.0;164.52;11643.787;0.0;0.0;191.0;0.0;0.0;0.0;530.0;19.0;5.0;17.0;13.0;2.0;2.0;7.0;0.0;48.0;174.0;191.0;0.0
2021-04-08 17:51:00;0.0;0.0;0.0;0.0;0.0;0.0;0.0;0.0;0.0;0.0;0.0;0.0;0.0;0.0;0.0;0.0;0.0;0.0;0.0;0.0;0.0;0.0;0.0;0.0;0.0;0.0;281.0;14.0;4.0;18.0;10.0;2.0;0.0;5.0;0.0;28.0;29.0;0.0;0.0
2021-04-08 21:51:00;0.0;0.0;0.0;0.0;0.0;0.0;0.0;0.0;0.0;0.0;0.0;0.0;0.0;0.0;0.0;0.0;0.0;0.0;0.0;0.0;0.0;0.0;0.0;0.0;0.0;0.0;257.0;14.0;7.0;18.0;15.0;3.0;0.0;5.0;0.0;31.0;56.0;0.0;50.0
2021-04-09 01:51:00;0.0;0.0;62.0;0.0;0.0;0.0;0.0;44.0;0.0;0.0;0.0;44.0;0.0;0.0;0.0;0.0;0.0;0.0;53.38;3897.404;0.0;0.0;62.0;0.0;0.0;0.0;243.0;18.0;6.0;16.0;16.0;4.0;1.0;5.0;0.0;45.0;0.0;50.0;63.0
2021-04-09 05:51:00;0.0;0.0;63.0;2.0;0.0;0.0;0.0;50.0;0.0;0.0;0.0;6.0;14.0;30.0;0.0;0.0;0.0;0.0;56.46;3784.712;0.0;0.0;64.0;1.0;0.0;0.0;349.0;25.0;8.0;21.0;15.0;6.0;1.0;4.0;0.0;32.0;13.0;63.0;63.0
2021-04-09 09:51:00;0.0;0.0;60.0;3.0;0.0;0.0;0.0;58.0;0.0;0.0;0.0;26.0;24.0;8.0;0.0;0.0;0.0;0.0;54.61;3905.447;0.0;2.0;61.0;0.0;0.0;0.0;396.0;19.0;9.0;22.0;19.0;5.0;1.0;5.0;0.0;45.0;63.0;63.0;61.0
2021-04-09 13:51:00;0.0;0.0;61.0;0.0;0.0;0.0;0.0;0.0;61.0;0.0;61.0;0.0;0.0;0.0;0.0;0.0;0.0;0.0;52.7;3927.868;0.0;0.0;61.0;0.0;0.0;0.0;297.0;19.0;5.0;17.0;17.0;1.0;1.0;3.0;0.0;41.0;181.0;61.0;63.0
2021-04-09 17:51:00;0.0;0.0;63.0;0.0;0.0;0.0;0.0;43.0;0.0;0.0;0.0;24.0;8.0;11.0;0.0;0.0;0.0;0.0;54.35;3928.318;0.0;0.0;63.0;0.0;0.0;0.0;243.0;17.0;7.0;16.0;16.0;4.0;1.0;4.0;0.0;38.0;4.0;63.0;0.0
2021-04-09 21:51:00;0.0;0.0;0.0;0.0;0.0;0.0;0.0;0.0;0.0;0.0;0.0;0.0;0.0;0.0;0.0;0.0;0.0;0.0;0.0;0.0;0.0;0.0;0.0;0.0;0.0;0.0;358.0;20.0;5.0;19.0;20.0;2.0;0.0;5.0;0.0;37.0;97.0;0.0;62.0
2021-04-10 01:51:00;0.0;0.0;62.0;0.0;0.0;0.0;0.0;58.0;0.0;0.0;0.0;28.0;30.0;0.0;0.0;0.0;0.0;0.0;53.38;3916.526;0.0;0.0;62.0;0.0;0.0;0.0;214.0;6.0;4.0;14.0;4.0;2.0;1.0;4.0;0.0;10.0;0.0;62.0;0.0
2021-04-10 05:51:00;0.0;0.0;0.0;0.0;0.0;0.0;0.0;0.0;0.0;0.0;0.0;0.0;0.0;0.0;0.0;0.0;0.0;0.0;0.0;0.0;0.0;0.0;0.0;0.0;0.0;0.0;337.0;17.0;5.0;16.0;18.0;4.0;0.0;3.0;0.0;39.0;57.0;0.0;127.0
2021-04-10 09:51:00;0.0;0.0;126.0;2.0;0.0;0.0;0.0;110.0;0.0;0.0;0.0;26.0;28.0;56.0;0.0;0.0;0.0;0.0;110.13;7766.21;0.0;0.0;128.0;0.0;0.0;0.0;415.0;18.0;7.0;23.0;22.0;4.0;1.0;6.0;0.0;46.0;1.0;127.0;188.0
2021-04-10 13:51:00;0.0;0.0;188.0;0.0;0.0;0.0;0.0;173.0;0.0;0.0;0.0;66.0;67.0;40.0;0.0;0.0;0.0;0.0;162.86;11891.622;0.0;5.0;183.0;0.0;0.0;0.0;540.0;20.0;6.0;18.0;18.0;3.0;1.0;6.0;0.0;62.0;189.0;188.0;0.0
2021-04-10 17:51:00;0.0;0.0;0.0;0.0;0.0;0.0;0.0;0.0;0.0;0.0;0.0;0.0;0.0;0.0;0.0;0.0;0.0;0.0;0.0;0.0;0.0;0.0;0.0;0.0;0.0;0.0;187.0;9.0;3.0;14.0;5.0;4.0;0.0;3.0;0.0;9.0;35.0;0.0;44.0
2021-04-10 21:51:00;0.0;0.0;66.0;0.0;0.0;0.0;0.0;66.0;0.0;0.0;0.0;39.0;5.0;22.0;0.0;0.0;0.0;0.0;57.58;3884.419;0.0;5.0;61.0;0.0;0.0;0.0;464.0;14.0;6.0;21.0;9.0;4.0;1.0;5.0;0.0;23.0;57.0;44.0;63.0
2021-04-11 01:51:00;0.0;0.0;62.0;1.0;0.0;0.0;0.0;55.0;0.0;0.0;0.0;6.0;25.0;24.0;0.0;0.0;0.0;0.0;54.32;3795.097;0.0;0.0;63.0;0.0;0.0;0.0;344.0;13.0;6.0;20.0;11.0;5.0;1.0;5.0;0.0;22.0;1.0;63.0;61.0
2021-04-11 05:51:00;0.0;0.0;61.0;0.0;0.0;0.0;0.0;60.0;0.0;0.0;0.0;34.0;19.0;7.0;0.0;0.0;0.0;0.0;52.64;3959.924;0.0;0.0;61.0;0.0;0.0;0.0;334.0;10.0;4.0;18.0;8.0;3.0;1.0;4.0;0.0;32.0;85.0;61.0;61.0
2021-04-11 09:51:00;0.0;0.0;61.0;0.0;0.0;0.0;0.0;54.0;0.0;0.0;0.0;14.0;24.0;16.0;0.0;0.0;0.0;0.0;52.56;3959.046;0.0;0.0;61.0;0.0;0.0;0.0;327.0;14.0;5.0;20.0;12.0;4.0;1.0;4.0;0.0;31.0;72.0;61.0;0.0
2021-04-11 13:51:00;0.0;0.0;0.0;0.0;0.0;0.0;0.0;0.0;0.0;0.0;0.0;0.0;0.0;0.0;0.0;0.0;0.0;0.0;0.0;0.0;0.0;0.0;0.0;0.0;0.0;0.0;354.0;7.0;4.0;20.0;5.0;1.0;0.0;4.0;0.0;17.0;169.0;0.0;62.0
2021-04-11 17:51:00;0.0;0.0;61.0;1.0;0.0;0.0;0.0;57.0;0.0;0.0;0.0;8.0;28.0;21.0;0.0;0.0;0.0;0.0;53.38;3855.729;0.0;0.0;62.0;0.0;0.0;0.0;62.0;7.0;4.0;11.0;6.0;3.0;1.0;1.0;0.0;11.0;0.0;62.0;62.0
2021-04-11 21:51:00;0.0;1.0;63.0;0.0;0.0;0.0;0.0;60.0;0.0;0.0;0.0;15.0;20.0;25.0;0.0;0.0;0.0;0.0;55.3;3963.881;0.0;7.0;56.0;0.0;0.0;0.0;63.0;6.0;4.0;16.0;6.0;2.0;1.0;1.0;0.0;9.0;0.0;62.0;0.0
2021-04-12 01:51:00;0.0;0.0;0.0;0.0;0.0;0.0;0.0;0.0;0.0;0.0;0.0;0.0;0.0;0.0;0.0;0.0;0.0;0.0;0.0;0.0;0.0;0.0;0.0;0.0;0.0;0.0;0.0;0.0;0.0;0.0;0.0;0.0;0.0;0.0;0.0;0.0;0.0;0.0;0.0
2021-04-12 05:51:00;0.0;0.0;0.0;0.0;0.0;0.0;0.0;0.0;0.0;0.0;0.0;0.0;0.0;0.0;0.0;0.0;0.0;0.0;0.0;0.0;0.0;0.0;0.0;0.0;0.0;0.0;0.0;0.0;0.0;0.0;0.0;0.0;0.0;0.0;0.0;0.0;0.0;0.0;0.0
2021-04-12 09:51:00;0.0;0.0;0.0;0.0;0.0;0.0;0.0;0.0;0.0;0.0;0.0;0.0;0.0;0.0;0.0;0.0;0.0;0.0;0.0;0.0;0.0;0.0;0.0;0.0;0.0;0.0;0.0;0.0;0.0;0.0;0.0;0.0;0.0;0.0;0.0;0.0;0.0;0.0;0.0
2021-04-12 13:51:00;0.0;0.0;0.0;0.0;0.0;0.0;0.0;0.0;0.0;0.0;0.0;0.0;0.0;0.0;0.0;0.0;0.0;0.0;0.0;0.0;0.0;0.0;0.0;0.0;0.0;0.0;0.0;0.0;0.0;0.0;0.0;0.0;0.0;0.0;0.0;0.0;0.0;0.0;0.0
2021-04-12 17:51:00;0.0;0.0;0.0;0.0;0.0;0.0;0.0;0.0;0.0;0.0;0.0;0.0;0.0;0.0;0.0;0.0;0.0;0.0;0.0;0.0;0.0;0.0;0.0;0.0;0.0;0.0;298.0;8.0;5.0;14.0;5.0;3.0;0.0;4.0;0.0;14.0;50.0;0.0;0.0
2021-04-12 21:51:00;0.0;0.0;52.0;1.0;0.0;0.0;0.0;51.0;0.0;0.0;0.0;11.0;38.0;2.0;0.0;0.0;0.0;0.0;45.95;3377.413;0.0;0.0;52.0;1.0;0.0;0.0;315.0;15.0;7.0;20.0;12.0;4.0;1.0;7.0;0.0;32.0;63.0;0.0;0.0
2021-04-13 01:51:00;0.0;0.0;0.0;0.0;0.0;0.0;0.0;0.0;0.0;0.0;0.0;0.0;0.0;0.0;0.0;0.0;0.0;0.0;0.0;0.0;0.0;0.0;0.0;0.0;0.0;0.0;253.0;2.0;3.0;16.0;1.0;1.0;0.0;4.0;0.0;3.0;0.0;0.0;45.0
2021-04-13 05:51:00;0.0;0.0;126.0;0.0;0.0;0.0;0.0;60.0;62.0;0.0;62.0;31.0;22.0;7.0;0.0;0.0;0.0;0.0;108.68;7834.418;0.0;1.0;125.0;0.0;0.0;0.0;440.0;16.0;7.0;19.0;12.0;4.0;2.0;5.0;0.0;28.0;39.0;45.0;0.0
2021-04-13 09:51:00;0.0;0.0;0.0;0.0;0.0;0.0;0.0;0.0;0.0;0.0;0.0;0.0;0.0;0.0;0.0;0.0;0.0;0.0;0.0;0.0;0.0;0.0;0.0;0.0;0.0;0.0;98.0;12.0;4.0;10.0;12.0;2.0;0.0;3.0;0.0;32.0;10.0;0.0;0.0
2021-04-13 13:51:00;0.0;0.0;0.0;0.0;0.0;0.0;0.0;0.0;0.0;0.0;0.0;0.0;0.0;0.0;0.0;0.0;0.0;0.0;0.0;0.0;0.0;0.0;0.0;0.0;0.0;0.0;384.0;22.0;6.0;19.0;14.0;2.0;0.0;3.0;0.0;39.0;204.0;0.0;0.0
2021-04-13 17:51:00;0.0;0.0;0.0;0.0;0.0;0.0;0.0;0.0;0.0;0.0;0.0;0.0;0.0;0.0;0.0;0.0;0.0;0.0;0.0;0.0;0.0;0.0;0.0;0.0;0.0;0.0;219.0;2.0;2.0;16.0;1.0;1.0;0.0;4.0;0.0;3.0;0.0;0.0;0.0
2021-04-13 21:51:00;0.0;0.0;0.0;0.0;0.0;0.0;0.0;0.0;0.0;0.0;0.0;0.0;0.0;0.0;0.0;0.0;0.0;0.0;0.0;0.0;0.0;0.0;0.0;0.0;0.0;0.0;398.0;24.0;6.0;23.0;19.0;4.0;0.0;5.0;0.0;55.0;112.0;0.0;0.0
2021-04-14 01:51:00;0.0;0.0;0.0;0.0;0.0;0.0;0.0;0.0;0.0;0.0;0.0;0.0;0.0;0.0;0.0;0.0;0.0;0.0;0.0;0.0;0.0;0.0;0.0;0.0;0.0;0.0;166.0;8.0;3.0;14.0;5.0;3.0;0.0;3.0;0.0;9.0;25.0;0.0;61.0
2021-04-14 05:51:00;0.0;0.0;61.0;0.0;0.0;0.0;0.0;0.0;61.0;0.0;61.0;0.0;0.0;0.0;0.0;0.0;0.0;0.0;52.59;3837.326;0.0;0.0;61.0;0.0;0.0;0.0;375.0;22.0;5.0;21.0;18.0;3.0;1.0;3.0;0.0;57.0;54.0;61.0;63.0
2021-04-14 09:51:00;0.0;0.0;63.0;0.0;0.0;0.0;0.0;46.0;0.0;0.0;0.0;19.0;10.0;17.0;0.0;0.0;0.0;0.0;54.2;3950.072;0.0;0.0;63.0;0.0;0.0;0.0;197.0;14.0;3.0;16.0;12.0;3.0;1.0;5.0;0.0;27.0;0.0;63.0;127.0
2021-04-14 13:51:00;0.0;0.0;124.0;3.0;0.0;0.0;0.0;113.0;0.0;0.0;0.0;54.0;32.0;27.0;0.0;0.0;0.0;0.0;109.76;7722.226;0.0;2.0;125.0;0.0;0.0;0.0;405.0;18.0;8.0;17.0;16.0;4.0;2.0;5.0;0.0;46.0;145.0;127.0;0.0
2021-04-14 17:51:00;0.0;0.0;0.0;0.0;0.0;0.0;0.0;0.0;0.0;0.0;0.0;0.0;0.0;0.0;0.0;0.0;0.0;0.0;0.0;0.0;0.0;0.0;0.0;0.0;0.0;0.0;72.0;5.0;1.0;13.0;3.0;1.0;0.0;2.0;0.0;3.0;21.0;0.0;0.0
2021-04-14 21:51:00;0.0;0.0;0.0;0.0;0.0;0.0;0.0;0.0;0.0;0.0;0.0;0.0;0.0;0.0;0.0;0.0;0.0;0.0;0.0;0.0;0.0;0.0;0.0;0.0;0.0;0.0;0.0;0.0;0.0;0.0;0.0;0.0;0.0;0.0;0.0;0.0;0.0;0.0;0.0
2021-04-15 01:51:00;0.0;0.0;0.0;0.0;0.0;0.0;0.0;0.0;0.0;0.0;0.0;0.0;0.0;0.0;0.0;0.0;0.0;0.0;0.0;0.0;0.0;0.0;0.0;0.0;0.0;0.0;0.0;0.0;0.0;0.0;0.0;0.0;0.0;0.0;0.0;0.0;0.0;0.0;0.0
2021-04-15 05:51:00;0.0;0.0;0.0;0.0;0.0;0.0;0.0;0.0;0.0;0.0;0.0;0.0;0.0;0.0;0.0;0.0;0.0;0.0;0.0;0.0;0.0;0.0;0.0;0.0;0.0;0.0;0.0;0.0;0.0;0.0;0.0;0.0;0.0;0.0;0.0;0.0;0.0;0.0;0.0
2021-04-15 09:51:00;0.0;0.0;0.0;0.0;0.0;0.0;0.0;0.0;0.0;0.0;0.0;0.0;0.0;0.0;0.0;0.0;0.0;0.0;0.0;0.0;0.0;0.0;0.0;0.0;0.0;0.0;0.0;0.0;0.0;0.0;0.0;0.0;0.0;0.0;0.0;0.0;0.0;0.0;0.0
2021-04-15 13:51:00;0.0;0.0;0.0;0.0;0.0;0.0;0.0;0.0;0.0;0.0;0.0;0.0;0.0;0.0;0.0;0.0;0.0;0.0;0.0;0.0;0.0;0.0;0.0;0.0;0.0;0.0;0.0;0.0;0.0;0.0;0.0;0.0;0.0;0.0;0.0;0.0;0.0;0.0;0.0
2021-04-15 17:51:00;0.0;0.0;0.0;0.0;0.0;0.0;0.0;0.0;0.0;0.0;0.0;0.0;0.0;0.0;0.0;0.0;0.0;0.0;0.0;0.0;0.0;0.0;0.0;0.0;0.0;0.0;0.0;0.0;0.0;0.0;0.0;0.0;0.0;0.0;0.0;0.0;0.0;0.0;0.0
2021-04-15 21:51:00;0.0;0.0;0.0;0.0;0.0;0.0;0.0;0.0;0.0;0.0;0.0;0.0;0.0;0.0;0.0;0.0;0.0;0.0;0.0;0.0;0.0;0.0;0.0;0.0;0.0;0.0;0.0;0.0;0.0;0.0;0.0;0.0;0.0;0.0;0.0;0.0;0.0;0.0;0.0
2021-04-16 01:51:00;0.0;0.0;0.0;0.0;0.0;0.0;0.0;0.0;0.0;0.0;0.0;0.0;0.0;0.0;0.0;0.0;0.0;0.0;0.0;0.0;0.0;0.0;0.0;0.0;0.0;0.0;0.0;0.0;0.0;0.0;0.0;0.0;0.0;0.0;0.0;0.0;0.0;0.0;0.0
2021-04-16 05:51:00;0.0;0.0;0.0;0.0;0.0;0.0;0.0;0.0;0.0;0.0;0.0;0.0;0.0;0.0;0.0;0.0;0.0;0.0;0.0;0.0;0.0;0.0;0.0;0.0;0.0;0.0;0.0;0.0;0.0;0.0;0.0;0.0;0.0;0.0;0.0;0.0;0.0;0.0;0.0
2021-04-16 09:51:00;0.0;0.0;0.0;0.0;0.0;0.0;0.0;0.0;0.0;0.0;0.0;0.0;0.0;0.0;0.0;0.0;0.0;0.0;0.0;0.0;0.0;0.0;0.0;0.0;0.0;0.0;0.0;0.0;0.0;0.0;0.0;0.0;0.0;0.0;0.0;0.0;0.0;0.0;0.0
2021-04-16 13:51:00;0.0;0.0;0.0;0.0;0.0;0.0;0.0;0.0;0.0;0.0;0.0;0.0;0.0;0.0;0.0;0.0;0.0;0.0;0.0;0.0;0.0;0.0;0.0;0.0;0.0;0.0;0.0;0.0;0.0;0.0;0.0;0.0;0.0;0.0;0.0;0.0;0.0;0.0;0.0
2021-04-16 17:51:00;0.0;0.0;0.0;0.0;0.0;0.0;0.0;0.0;0.0;0.0;0.0;0.0;0.0;0.0;0.0;0.0;0.0;0.0;0.0;0.0;0.0;0.0;0.0;0.0;0.0;0.0;0.0;0.0;0.0;0.0;0.0;0.0;0.0;0.0;0.0;0.0;0.0;0.0;0.0
2021-04-16 21:51:00;0.0;0.0;0.0;0.0;0.0;0.0;0.0;0.0;0.0;0.0;0.0;0.0;0.0;0.0;0.0;0.0;0.0;0.0;0.0;0.0;0.0;0.0;0.0;0.0;0.0;0.0;0.0;0.0;0.0;0.0;0.0;0.0;0.0;0.0;0.0;0.0;0.0;0.0;0.0
2021-04-17 01:51:00;0.0;0.0;0.0;0.0;0.0;0.0;0.0;0.0;0.0;0.0;0.0;0.0;0.0;0.0;0.0;0.0;0.0;0.0;0.0;0.0;0.0;0.0;0.0;0.0;0.0;0.0;0.0;0.0;0.0;0.0;0.0;0.0;0.0;0.0;0.0;0.0;0.0;0.0;0.0
2021-04-17 05:51:00;0.0;0.0;0.0;0.0;0.0;0.0;0.0;0.0;0.0;0.0;0.0;0.0;0.0;0.0;0.0;0.0;0.0;0.0;0.0;0.0;0.0;0.0;0.0;0.0;0.0;0.0;0.0;0.0;0.0;0.0;0.0;0.0;0.0;0.0;0.0;0.0;0.0;0.0;0.0
2021-04-17 09:51:00;0.0;0.0;0.0;0.0;0.0;0.0;0.0;0.0;0.0;0.0;0.0;0.0;0.0;0.0;0.0;0.0;0.0;0.0;0.0;0.0;0.0;0.0;0.0;0.0;0.0;0.0;0.0;0.0;0.0;0.0;0.0;0.0;0.0;0.0;0.0;0.0;0.0;0.0;0.0
2021-04-17 13:51:00;0.0;0.0;0.0;0.0;0.0;0.0;0.0;0.0;0.0;0.0;0.0;0.0;0.0;0.0;0.0;0.0;0.0;0.0;0.0;0.0;0.0;0.0;0.0;0.0;0.0;0.0;0.0;0.0;0.0;0.0;0.0;0.0;0.0;0.0;0.0;0.0;0.0;0.0;0.0
2021-04-17 17:51:00;0.0;0.0;0.0;0.0;0.0;0.0;0.0;0.0;0.0;0.0;0.0;0.0;0.0;0.0;0.0;0.0;0.0;0.0;0.0;0.0;0.0;0.0;0.0;0.0;0.0;0.0;157.0;8.0;1.0;12.0;1.0;1.0;0.0;4.0;0.0;1.0;4.0;0.0;0.0
2021-04-17 21:51:00;0.0;0.0;0.0;0.0;0.0;0.0;0.0;0.0;0.0;0.0;0.0;0.0;0.0;0.0;0.0;0.0;0.0;0.0;0.0;0.0;0.0;0.0;0.0;0.0;0.0;0.0;169.0;15.0;5.0;13.0;13.0;5.0;0.0;1.0;0.0;27.0;37.0;0.0;0.0
2021-04-18 01:51:00;0.0;0.0;0.0;0.0;0.0;0.0;0.0;0.0;0.0;0.0;0.0;0.0;0.0;0.0;0.0;0.0;0.0;0.0;0.0;0.0;0.0;0.0;0.0;0.0;0.0;0.0;121.0;2.0;1.0;16.0;1.0;1.0;0.0;3.0;0.0;2.0;2.0;0.0;0.0
2021-04-18 05:51:00;0.0;0.0;0.0;0.0;0.0;0.0;0.0;0.0;0.0;0.0;0.0;0.0;0.0;0.0;0.0;0.0;0.0;0.0;0.0;0.0;0.0;0.0;0.0;0.0;0.0;0.0;160.0;7.0;3.0;19.0;5.0;3.0;0.0;3.0;0.0;12.0;15.0;0.0;0.0
2021-04-18 09:51:00;0.0;0.0;0.0;0.0;0.0;0.0;0.0;0.0;0.0;0.0;0.0;0.0;0.0;0.0;0.0;0.0;0.0;0.0;0.0;0.0;0.0;0.0;0.0;0.0;0.0;0.0;140.0;11.0;2.0;13.0;5.0;2.0;0.0;3.0;0.0;7.0;23.0;0.0;32.0
2021-04-18 13:51:00;0.0;0.0;63.0;0.0;0.0;0.0;0.0;63.0;0.0;0.0;0.0;28.0;13.0;22.0;0.0;0.0;0.0;0.0;54.21;3847.998;0.0;0.0;63.0;0.0;0.0;0.0;273.0;21.0;4.0;18.0;16.0;3.0;1.0;3.0;0.0;50.0;110.0;32.0;0.0
2021-04-18 17:51:00;0.0;0.0;0.0;0.0;0.0;0.0;0.0;0.0;0.0;0.0;0.0;0.0;0.0;0.0;0.0;0.0;0.0;0.0;0.0;0.0;0.0;0.0;0.0;0.0;0.0;0.0;245.0;5.0;1.0;19.0;1.0;1.0;0.0;5.0;0.0;1.0;2.0;0.0;0.0
2021-04-18 21:51:00;0.0;0.0;0.0;0.0;0.0;0.0;0.0;0.0;0.0;0.0;0.0;0.0;0.0;0.0;0.0;0.0;0.0;0.0;0.0;0.0;0.0;0.0;0.0;0.0;0.0;0.0;417.0;14.0;4.0;18.0;13.0;2.0;0.0;4.0;0.0;47.0;85.0;0.0;0.0
2021-04-19 01:51:00;0.0;0.0;0.0;0.0;0.0;0.0;0.0;0.0;0.0;0.0;0.0;0.0;0.0;0.0;0.0;0.0;0.0;0.0;0.0;0.0;0.0;0.0;0.0;0.0;0.0;0.0;190.0;7.0;2.0;17.0;2.0;2.0;0.0;3.0;0.0;2.0;2.0;0.0;1.0
2021-04-19 05:51:00;0.0;0.0;61.0;0.0;0.0;0.0;0.0;0.0;61.0;0.0;61.0;0.0;0.0;0.0;0.0;0.0;0.0;0.0;52.6;3923.866;0.0;0.0;61.0;0.0;0.0;0.0;242.0;11.0;4.0;18.0;9.0;3.0;1.0;4.0;0.0;26.0;24.0;1.0;64.0
2021-04-19 09:51:00;0.0;0.0;64.0;0.0;0.0;0.0;0.0;61.0;0.0;0.0;0.0;18.0;22.0;21.0;0.0;0.0;0.0;0.0;55.1;3950.092;0.0;0.0;64.0;0.0;0.0;0.0;361.0;17.0;5.0;22.0;17.0;2.0;1.0;5.0;0.0;41.0;129.0;64.0;42.0
2021-04-19 13:51:00;0.0;0.0;62.0;0.0;0.0;0.0;0.0;53.0;0.0;0.0;0.0;53.0;0.0;0.0;0.0;0.0;0.0;0.0;53.37;3924.887;0.0;0.0;62.0;0.0;0.0;0.0;391.0;21.0;6.0;22.0;17.0;3.0;1.0;5.0;0.0;39.0;85.0;42.0;60.0
2021-04-19 17:51:00;0.0;0.0;60.0;0.0;0.0;0.0;0.0;51.0;0.0;0.0;0.0;29.0;18.0;4.0;0.0;0.0;0.0;0.0;51.6;3821.987;0.0;0.0;60.0;0.0;0.0;0.0;281.0;29.0;2.0;18.0;10.0;2.0;1.0;4.0;0.0;26.0;36.0;60.0;63.0
2021-04-19 21:51:00;0.0;0.0;62.0;4.0;0.0;0.0;0.0;34.0;0.0;0.0;0.0;22.0;8.0;4.0;0.0;0.0;0.0;0.0;57.3;3812.465;0.0;0.0;65.0;1.0;0.0;0.0;413.0;27.0;7.0;23.0;20.0;6.0;1.0;7.0;0.0;50.0;105.0;63.0;0.0
2021-04-20 01:51:00;0.0;0.0;0.0;0.0;0.0;0.0;0.0;0.0;0.0;0.0;0.0;0.0;0.0;0.0;0.0;0.0;0.0;0.0;0.0;0.0;0.0;0.0;0.0;0.0;0.0;0.0;197.0;11.0;5.0;17.0;6.0;4.0;0.0;3.0;0.0;12.0;9.0;0.0;124.0
2021-04-20 05:51:00;0.0;0.0;124.0;0.0;0.0;0.0;0.0;120.0;0.0;0.0;0.0;51.0;35.0;34.0;0.0;0.0;0.0;0.0;107.05;7936.07;0.0;0.0;123.0;0.0;1.0;0.0;600.0;13.0;6.0;25.0;10.0;4.0;1.0;6.0;0.0;39.0;80.0;124.0;62.0
2021-04-20 09:51:00;0.0;0.0;62.0;0.0;0.0;0.0;0.0;0.0;62.0;0.0;62.0;0.0;0.0;0.0;0.0;0.0;0.0;0.0;53.35;3840.798;0.0;0.0;62.0;0.0;0.0;0.0;301.0;16.0;5.0;19.0;15.0;4.0;1.0;4.0;0.0;26.0;14.0;62.0;63.0
2021-04-20 13:51:00;0.0;0.0;64.0;0.0;0.0;0.0;0.0;52.0;0.0;0.0;0.0;18.0;12.0;22.0;0.0;0.0;0.0;0.0;55.15;3872.551;0.0;0.0;64.0;0.0;0.0;0.0;421.0;28.0;7.0;21.0;27.0;5.0;1.0;4.0;0.0;72.0;165.0;63.0;65.0
2021-04-20 17:51:00;0.0;0.0;65.0;0.0;0.0;0.0;0.0;61.0;0.0;0.0;0.0;15.0;28.0;18.0;0.0;0.0;0.0;0.0;55.97;3859.12;0.0;0.0;65.0;0.0;0.0;0.0;362.0;17.0;3.0;17.0;7.0;3.0;1.0;6.0;0.0;14.0;47.0;65.0;60.0
2021-04-20 21:51:00;0.0;0.0;60.0;1.0;0.0;0.0;0.0;50.0;0.0;0.0;0.0;12.0;23.0;15.0;0.0;0.0;0.0;0.0;54.36;3871.893;0.0;0.0;52.0;0.0;9.0;0.0;505.0;6.0;5.0;19.0;5.0;4.0;1.0;6.0;0.0;18.0;63.0;60.0;64.0
2021-04-21 01:51:00;0.0;0.0;64.0;0.0;0.0;0.0;0.0;0.0;64.0;0.0;64.0;0.0;0.0;0.0;0.0;0.0;0.0;0.0;55.1;3801.38;0.0;0.0;64.0;0.0;0.0;0.0;360.0;21.0;4.0;17.0;15.0;3.0;1.0;4.0;0.0;38.0;24.0;64.0;118.0
2021-04-21 05:51:00;0.0;0.0;128.0;0.0;0.0;0.0;0.0;106.0;0.0;0.0;0.0;75.0;18.0;13.0;0.0;0.0;0.0;0.0;110.17;7848.223;0.0;0.0;128.0;0.0;0.0;0.0;386.0;28.0;4.0;17.0;21.0;3.0;1.0;6.0;0.0;57.0;23.0;118.0;0.0
2021-04-21 09:51:00;0.0;0.0;0.0;0.0;0.0;0.0;0.0;0.0;0.0;0.0;0.0;0.0;0.0;0.0;0.0;0.0;0.0;0.0;0.0;0.0;0.0;0.0;0.0;0.0;0.0;0.0;369.0;9.0;5.0;22.0;8.0;2.0;0.0;4.0;0.0;18.0;106.0;0.0;123.0
2021-04-21 13:51:00;0.0;0.0;124.0;0.0;0.0;0.0;0.0;113.0;0.0;0.0;0.0;113.0;0.0;0.0;0.0;0.0;0.0;0.0;106.78;7835.449;0.0;0.0;124.0;0.0;0.0;0.0;414.0;20.0;6.0;19.0;17.0;3.0;1.0;5.0;0.0;52.0;116.0;123.0;0.0
2021-04-21 17:51:00;0.0;0.0;0.0;0.0;0.0;0.0;0.0;0.0;0.0;0.0;0.0;0.0;0.0;0.0;0.0;0.0;0.0;0.0;0.0;0.0;0.0;0.0;0.0;0.0;0.0;0.0;327.0;16.0;4.0;15.0;8.0;3.0;0.0;4.0;0.0;16.0;89.0;0.0;64.0
2021-04-21 21:51:00;0.0;0.0;64.0;0.0;0.0;0.0;0.0;62.0;0.0;0.0;0.0;18.0;32.0;12.0;0.0;0.0;0.0;0.0;55.06;3889.71;0.0;0.0;64.0;0.0;0.0;0.0;379.0;9.0;5.0;21.0;9.0;3.0;1.0;7.0;0.0;23.0;37.0;64.0;63.0
2021-04-22 01:51:00;0.0;0.0;63.0;0.0;0.0;0.0;0.0;59.0;0.0;0.0;0.0;22.0;26.0;11.0;0.0;0.0;0.0;0.0;54.21;3901.993;0.0;0.0;63.0;0.0;0.0;0.0;265.0;24.0;8.0;21.0;16.0;5.0;1.0;4.0;0.0;40.0;9.0;63.0;0.0
2021-04-22 05:51:00;0.0;0.0;0.0;0.0;0.0;0.0;0.0;0.0;0.0;0.0;0.0;0.0;0.0;0.0;0.0;0.0;0.0;0.0;0.0;0.0;0.0;0.0;0.0;0.0;0.0;0.0;221.0;14.0;6.0;20.0;11.0;6.0;0.0;2.0;0.0;25.0;6.0;0.0;60.0
2021-04-22 09:51:00;0.0;0.0;63.0;0.0;0.0;0.0;0.0;48.0;0.0;0.0;0.0;19.0;11.0;18.0;0.0;0.0;0.0;0.0;54.23;3819.503;0.0;0.0;63.0;0.0;0.0;0.0;222.0;17.0;5.0;17.0;13.0;3.0;1.0;4.0;0.0;23.0;21.0;60.0;125.0
2021-04-22 13:51:00;0.0;0.0;125.0;0.0;0.0;0.0;0.0;114.0;0.0;0.0;0.0;50.0;27.0;37.0;0.0;0.0;0.0;0.0;108.87;7863.5;2.0;0.0;118.0;0.0;5.0;0.0;524.0;21.0;6.0;21.0;14.0;5.0;1.0;6.0;0.0;57.0;228.0;125.0;0.0
2021-04-22 17:51:00;0.0;0.0;0.0;0.0;0.0;0.0;0.0;0.0;0.0;0.0;0.0;0.0;0.0;0.0;0.0;0.0;0.0;0.0;0.0;0.0;0.0;0.0;0.0;0.0;0.0;0.0;395.0;12.0;5.0;19.0;5.0;3.0;0.0;6.0;0.0;13.0;37.0;0.0;0.0
2021-04-22 21:51:00;0.0;0.0;0.0;0.0;0.0;0.0;0.0;0.0;0.0;0.0;0.0;0.0;0.0;0.0;0.0;0.0;0.0;0.0;0.0;0.0;0.0;0.0;0.0;0.0;0.0;0.0;276.0;15.0;6.0;19.0;11.0;3.0;0.0;4.0;0.0;39.0;92.0;0.0;0.0
2021-04-23 01:51:00;0.0;0.0;0.0;0.0;0.0;0.0;0.0;0.0;0.0;0.0;0.0;0.0;0.0;0.0;0.0;0.0;0.0;0.0;0.0;0.0;0.0;0.0;0.0;0.0;0.0;0.0;215.0;13.0;1.0;16.0;3.0;1.0;0.0;4.0;0.0;7.0;12.0;0.0;126.0
2021-04-23 05:51:00;0.0;0.0;126.0;1.0;0.0;0.0;0.0;116.0;0.0;0.0;0.0;116.0;0.0;0.0;0.0;0.0;0.0;0.0;109.53;7765.433;1.0;0.0;126.0;0.0;0.0;0.0;256.0;14.0;7.0;19.0;10.0;4.0;1.0;4.0;0.0;36.0;13.0;126.0;61.0
2021-04-23 09:51:00;0.0;0.0;61.0;0.0;0.0;0.0;0.0;0.0;61.0;0.0;61.0;0.0;0.0;0.0;0.0;0.0;0.0;0.0;52.49;3850.348;0.0;0.0;61.0;0.0;0.0;0.0;347.0;17.0;6.0;19.0;11.0;4.0;1.0;5.0;0.0;38.0;37.0;61.0;125.0
2021-04-23 13:51:00;0.0;0.0;125.0;0.0;0.0;0.0;0.0;120.0;0.0;0.0;0.0;37.0;39.0;44.0;0.0;0.0;0.0;0.0;107.65;7889.781;0.0;0.0;125.0;0.0;0.0;0.0;410.0;22.0;4.0;19.0;21.0;3.0;1.0;6.0;0.0;61.0;133.0;125.0;65.0
2021-04-23 17:51:00;0.0;0.0;65.0;0.0;0.0;0.0;0.0;58.0;0.0;0.0;0.0;32.0;22.0;4.0;0.0;0.0;0.0;0.0;55.94;3911.037;0.0;0.0;65.0;0.0;0.0;0.0;193.0;20.0;5.0;16.0;10.0;4.0;1.0;4.0;0.0;20.0;29.0;65.0;0.0
2021-04-23 21:51:00;0.0;0.0;0.0;0.0;0.0;0.0;0.0;0.0;0.0;0.0;0.0;0.0;0.0;0.0;0.0;0.0;0.0;0.0;0.0;0.0;0.0;0.0;0.0;0.0;0.0;0.0;362.0;22.0;5.0;17.0;18.0;3.0;0.0;4.0;0.0;34.0;142.0;0.0;0.0
2021-04-24 01:51:00;0.0;0.0;0.0;0.0;0.0;0.0;0.0;0.0;0.0;0.0;0.0;0.0;0.0;0.0;0.0;0.0;0.0;0.0;0.0;0.0;0.0;0.0;0.0;0.0;0.0;0.0;362.0;20.0;6.0;21.0;17.0;5.0;0.0;4.0;0.0;44.0;37.0;0.0;62.0
2021-04-24 05:51:00;0.0;0.0;62.0;1.0;0.0;0.0;0.0;35.0;0.0;0.0;0.0;7.0;8.0;20.0;0.0;0.0;0.0;0.0;55.88;3915.814;0.0;1.0;54.0;0.0;8.0;0.0;311.0;22.0;7.0;20.0;18.0;5.0;1.0;4.0;0.0;38.0;12.0;62.0;62.0
2021-04-24 09:51:00;0.0;0.0;62.0;0.0;0.0;0.0;0.0;61.0;0.0;0.0;0.0;29.0;8.0;24.0;0.0;0.0;0.0;0.0;53.33;3976.198;0.0;0.0;62.0;0.0;0.0;0.0;398.0;16.0;6.0;18.0;17.0;3.0;1.0;4.0;0.0;39.0;5.0;62.0;105.0
2021-04-24 13:51:00;0.0;0.0;127.0;0.0;0.0;0.0;0.0;109.0;0.0;0.0;0.0;68.0;15.0;26.0;0.0;0.0;0.0;0.0;109.26;7833.301;0.0;0.0;127.0;0.0;0.0;0.0;401.0;15.0;5.0;20.0;15.0;3.0;1.0;6.0;0.0;34.0;70.0;105.0;0.0
2021-04-24 17:51:00;0.0;0.0;0.0;0.0;0.0;0.0;0.0;0.0;0.0;0.0;0.0;0.0;0.0;0.0;0.0;0.0;0.0;0.0;0.0;0.0;0.0;0.0;0.0;0.0;0.0;0.0;293.0;12.0;6.0;16.0;12.0;2.0;0.0;4.0;0.0;18.0;103.0;0.0;61.0
2021-04-24 21:51:00;0.0;0.0;61.0;0.0;0.0;0.0;0.0;0.0;61.0;0.0;61.0;0.0;0.0;0.0;0.0;0.0;0.0;0.0;52.47;3894.231;0.0;0.0;61.0;0.0;0.0;0.0;475.0;16.0;5.0;17.0;17.0;2.0;1.0;5.0;0.0;52.0;103.0;61.0;61.0
2021-04-25 01:51:00;0.0;0.0;61.0;0.0;0.0;0.0;0.0;0.0;61.0;0.0;61.0;0.0;0.0;0.0;0.0;0.0;0.0;0.0;52.48;3923.236;0.0;0.0;61.0;0.0;0.0;0.0;318.0;23.0;8.0;18.0;23.0;4.0;1.0;4.0;0.0;59.0;68.0;61.0;0.0
2021-04-25 05:51:00;0.0;0.0;0.0;0.0;0.0;0.0;0.0;0.0;0.0;0.0;0.0;0.0;0.0;0.0;0.0;0.0;0.0;0.0;0.0;0.0;0.0;0.0;0.0;0.0;0.0;0.0;274.0;10.0;6.0;20.0;8.0;4.0;0.0;4.0;0.0;24.0;20.0;0.0;50.0
2021-04-25 09:51:00;0.0;0.0;65.0;0.0;0.0;0.0;0.0;51.0;0.0;0.0;0.0;51.0;0.0;0.0;0.0;0.0;0.0;0.0;57.91;3869.733;0.0;0.0;55.0;0.0;10.0;0.0;174.0;13.0;6.0;17.0;10.0;4.0;1.0;3.0;0.0;31.0;0.0;50.0;191.0
2021-04-25 13:51:00;0.0;0.0;190.0;1.0;0.0;0.0;0.0;142.0;0.0;0.0;0.0;111.0;31.0;0.0;0.0;0.0;0.0;0.0;164.46;11833.641;0.0;0.0;191.0;0.0;0.0;0.0;404.0;30.0;7.0;16.0;33.0;4.0;1.0;5.0;0.0;94.0;130.0;191.0;62.0
2021-04-25 17:51:00;0.0;0.0;62.0;0.0;0.0;0.0;0.0;61.0;0.0;0.0;0.0;61.0;0.0;0.0;0.0;0.0;0.0;0.0;53.39;3922.801;0.0;0.0;62.0;0.0;0.0;0.0;406.0;8.0;4.0;17.0;4.0;3.0;1.0;7.0;0.0;10.0;32.0;62.0;0.0
2021-04-25 21:51:00;0.0;0.0;0.0;0.0;0.0;0.0;0.0;0.0;0.0;0.0;0.0;0.0;0.0;0.0;0.0;0.0;0.0;0.0;0.0;0.0;0.0;0.0;0.0;0.0;0.0;0.0;382.0;22.0;6.0;17.0;11.0;2.0;0.0;3.0;0.0;30.0;140.0;0.0;0.0
2021-04-26 01:51:00;0.0;0.0;0.0;0.0;0.0;0.0;0.0;0.0;0.0;0.0;0.0;0.0;0.0;0.0;0.0;0.0;0.0;0.0;0.0;0.0;0.0;0.0;0.0;0.0;0.0;0.0;260.0;11.0;2.0;17.0;2.0;2.0;0.0;4.0;0.0;5.0;8.0;0.0;62.0
2021-04-26 05:51:00;0.0;0.0;62.0;0.0;0.0;0.0;0.0;54.0;0.0;0.0;0.0;34.0;13.0;7.0;0.0;0.0;0.0;0.0;54.9;3955.64;0.0;0.0;54.0;0.0;8.0;0.0;207.0;5.0;6.0;18.0;4.0;3.0;1.0;3.0;0.0;17.0;19.0;62.0;0.0
2021-04-26 09:51:00;0.0;0.0;0.0;0.0;0.0;0.0;0.0;0.0;0.0;0.0;0.0;0.0;0.0;0.0;0.0;0.0;0.0;0.0;0.0;0.0;0.0;0.0;0.0;0.0;0.0;0.0;301.0;16.0;5.0;16.0;17.0;2.0;0.0;3.0;0.0;37.0;61.0;0.0;175.0
2021-04-26 13:51:00;0.0;0.0;186.0;0.0;0.0;0.0;0.0;164.0;0.0;0.0;0.0;73.0;37.0;54.0;0.0;0.0;0.0;0.0;160.09;11875.618;0.0;0.0;186.0;0.0;0.0;0.0;438.0;21.0;6.0;14.0;23.0;2.0;1.0;5.0;0.0;60.0;106.0;175.0;0.0
2021-04-26 17:51:00;0.0;0.0;0.0;0.0;0.0;0.0;0.0;0.0;0.0;0.0;0.0;0.0;0.0;0.0;0.0;0.0;0.0;0.0;0.0;0.0;0.0;0.0;0.0;0.0;0.0;0.0;293.0;12.0;4.0;17.0;10.0;2.0;0.0;4.0;0.0;13.0;16.0;0.0;0.0
2021-04-26 21:51:00;0.0;0.0;0.0;0.0;0.0;0.0;0.0;0.0;0.0;0.0;0.0;0.0;0.0;0.0;0.0;0.0;0.0;0.0;0.0;0.0;0.0;0.0;0.0;0.0;0.0;0.0;260.0;15.0;3.0;16.0;8.0;2.0;0.0;4.0;0.0;12.0;70.0;0.0;63.0
2021-04-27 01:51:00;0.0;0.0;63.0;0.0;0.0;0.0;0.0;63.0;0.0;0.0;0.0;63.0;0.0;0.0;0.0;0.0;0.0;0.0;54.29;3895.498;0.0;0.0;63.0;0.0;0.0;0.0;414.0;22.0;4.0;18.0;19.0;3.0;1.0;4.0;0.0;49.0;41.0;63.0;46.0
2021-04-27 05:51:00;0.0;0.0;64.0;0.0;0.0;0.0;0.0;52.0;0.0;0.0;0.0;25.0;11.0;16.0;0.0;0.0;0.0;0.0;55.1;3945.477;0.0;0.0;64.0;0.0;0.0;0.0;245.0;15.0;5.0;16.0;14.0;3.0;1.0;4.0;0.0;26.0;2.0;46.0;0.0
2021-04-27 09:51:00;0.0;0.0;0.0;0.0;0.0;0.0;0.0;0.0;0.0;0.0;0.0;0.0;0.0;0.0;0.0;0.0;0.0;0.0;0.0;0.0;0.0;0.0;0.0;0.0;0.0;0.0;282.0;18.0;4.0;20.0;12.0;2.0;0.0;4.0;0.0;42.0;97.0;0.0;187.0
2021-04-27 13:51:00;0.0;0.0;187.0;0.0;0.0;0.0;0.0;175.0;0.0;0.0;0.0;117.0;26.0;32.0;0.0;0.0;0.0;0.0;161.1;11819.688;0.0;0.0;187.0;0.0;0.0;0.0;431.0;23.0;6.0;19.0;18.0;5.0;1.0;6.0;0.0;54.0;91.0;187.0;0.0
2021-04-27 17:51:00;0.0;0.0;0.0;0.0;0.0;0.0;0.0;0.0;0.0;0.0;0.0;0.0;0.0;0.0;0.0;0.0;0.0;0.0;0.0;0.0;0.0;0.0;0.0;0.0;0.0;0.0;247.0;10.0;3.0;18.0;8.0;2.0;0.0;7.0;0.0;11.0;30.0;0.0;0.0
2021-04-27 21:51:00;0.0;0.0;0.0;0.0;0.0;0.0;0.0;0.0;0.0;0.0;0.0;0.0;0.0;0.0;0.0;0.0;0.0;0.0;0.0;0.0;0.0;0.0;0.0;0.0;0.0;0.0;408.0;19.0;7.0;23.0;16.0;6.0;0.0;3.0;0.0;56.0;176.0;0.0;64.0
2021-04-28 01:51:00;0.0;0.0;63.0;2.0;0.0;0.0;0.0;46.0;0.0;0.0;0.0;12.0;22.0;12.0;0.0;0.0;0.0;0.0;56.05;3838.525;0.0;1.0;64.0;0.0;0.0;0.0;330.0;21.0;6.0;17.0;17.0;6.0;1.0;4.0;0.0;57.0;1.0;64.0;0.0
2021-04-28 05:51:00;0.0;0.0;0.0;0.0;0.0;0.0;0.0;0.0;0.0;0.0;0.0;0.0;0.0;0.0;0.0;0.0;0.0;0.0;0.0;0.0;0.0;0.0;0.0;0.0;0.0;0.0;155.0;5.0;1.0;15.0;1.0;1.0;0.0;3.0;0.0;1.0;1.0;0.0;125.0
2021-04-28 09:51:00;0.0;0.0;123.0;2.0;0.0;0.0;0.0;106.0;0.0;0.0;0.0;49.0;40.0;17.0;0.0;0.0;0.0;0.0;107.63;7709.867;0.0;0.0;125.0;0.0;0.0;0.0;405.0;13.0;6.0;19.0;9.0;3.0;1.0;6.0;0.0;42.0;17.0;125.0;54.0
2021-04-28 13:51:00;0.0;0.0;61.0;0.0;0.0;0.0;0.0;61.0;0.0;0.0;0.0;44.0;10.0;7.0;0.0;0.0;0.0;0.0;52.53;3945.245;0.0;0.0;61.0;0.0;0.0;0.0;365.0;14.0;9.0;21.0;16.0;4.0;1.0;5.0;0.0;42.0;198.0;54.0;62.0
2021-04-28 17:51:00;0.0;0.0;62.0;0.0;0.0;0.0;0.0;0.0;62.0;0.0;62.0;0.0;0.0;0.0;0.0;0.0;0.0;0.0;53.44;3895.469;0.0;0.0;62.0;0.0;0.0;0.0;314.0;7.0;2.0;18.0;1.0;1.0;1.0;5.0;0.0;3.0;0.0;62.0;0.0
2021-04-28 21:51:00;0.0;0.0;0.0;0.0;0.0;0.0;0.0;0.0;0.0;0.0;0.0;0.0;0.0;0.0;0.0;0.0;0.0;0.0;0.0;0.0;0.0;0.0;0.0;0.0;0.0;0.0;412.0;22.0;7.0;17.0;28.0;3.0;0.0;4.0;0.0;43.0;146.0;0.0;62.0
2021-04-29 01:51:00;0.0;0.0;62.0;0.0;0.0;0.0;0.0;54.0;0.0;0.0;0.0;31.0;21.0;2.0;0.0;0.0;0.0;0.0;53.63;3968.218;1.0;0.0;61.0;0.0;0.0;0.0;412.0;20.0;11.0;21.0;23.0;5.0;1.0;4.0;0.0;44.0;2.0;62.0;122.0
2021-04-29 05:51:00;0.0;0.0;121.0;1.0;0.0;0.0;0.0;111.0;0.0;0.0;0.0;111.0;0.0;0.0;0.0;0.0;0.0;0.0;106.36;7799.88;0.0;0.0;117.0;1.0;4.0;0.0;359.0;20.0;8.0;21.0;18.0;6.0;1.0;5.0;0.0;37.0;46.0;122.0;127.0
2021-04-29 09:51:00;0.0;0.0;127.0;0.0;0.0;0.0;0.0;116.0;0.0;0.0;0.0;106.0;2.0;8.0;0.0;0.0;0.0;0.0;110.69;7776.694;2.0;1.0;120.0;0.0;4.0;0.0;318.0;11.0;6.0;20.0;9.0;3.0;2.0;5.0;0.0;23.0;43.0;127.0;0.0
2021-04-29 13:51:00;0.0;0.0;0.0;0.0;0.0;0.0;0.0;0.0;0.0;0.0;0.0;0.0;0.0;0.0;0.0;0.0;0.0;0.0;0.0;0.0;0.0;0.0;0.0;0.0;0.0;0.0;278.0;19.0;7.0;14.0;18.0;3.0;0.0;2.0;0.0;42.0;145.0;0.0;66.0
2021-04-29 17:51:00;0.0;0.0;65.0;1.0;0.0;0.0;0.0;51.0;0.0;0.0;0.0;23.0;24.0;4.0;0.0;0.0;0.0;0.0;56.8;3850.601;0.0;0.0;66.0;0.0;0.0;0.0;401.0;19.0;8.0;20.0;19.0;3.0;1.0;5.0;0.0;44.0;32.0;66.0;65.0
2021-04-29 21:51:00;0.0;0.0;65.0;0.0;0.0;0.0;0.0;57.0;0.0;0.0;0.0;12.0;34.0;11.0;0.0;0.0;0.0;0.0;56.06;3909.596;0.0;1.0;64.0;0.0;0.0;0.0;365.0;12.0;5.0;16.0;10.0;2.0;1.0;7.0;0.0;27.0;77.0;65.0;0.0
2021-04-30 01:51:00;0.0;0.0;0.0;0.0;0.0;0.0;0.0;0.0;0.0;0.0;0.0;0.0;0.0;0.0;0.0;0.0;0.0;0.0;0.0;0.0;0.0;0.0;0.0;0.0;0.0;0.0;138.0;9.0;6.0;13.0;8.0;4.0;0.0;3.0;0.0;12.0;4.0;0.0;64.0
2021-04-30 05:51:00;0.0;0.0;64.0;0.0;0.0;0.0;0.0;62.0;0.0;0.0;0.0;19.0;15.0;28.0;0.0;0.0;0.0;0.0;55.11;3891.608;0.0;0.0;64.0;0.0;0.0;0.0;240.0;8.0;5.0;15.0;7.0;2.0;1.0;5.0;0.0;12.0;16.0;64.0;0.0
2021-04-30 09:51:00;0.0;0.0;0.0;0.0;0.0;0.0;0.0;0.0;0.0;0.0;0.0;0.0;0.0;0.0;0.0;0.0;0.0;0.0;0.0;0.0;0.0;0.0;0.0;0.0;0.0;0.0;271.0;4.0;4.0;19.0;3.0;3.0;0.0;4.0;0.0;4.0;45.0;0.0;65.0
2021-04-30 13:51:00;0.0;0.0;62.0;3.0;0.0;0.0;0.0;61.0;0.0;0.0;0.0;61.0;0.0;0.0;0.0;0.0;0.0;0.0;57.12;3825.07;0.0;0.0;62.0;1.0;2.0;0.0;254.0;13.0;9.0;20.0;12.0;6.0;1.0;5.0;2.0;29.0;95.0;65.0;45.0
2021-04-30 17:51:00;0.0;0.0;64.0;0.0;0.0;0.0;0.0;60.0;0.0;0.0;0.0;60.0;0.0;0.0;0.0;0.0;0.0;0.0;55.12;3881.283;0.0;0.0;64.0;0.0;0.0;0.0;320.0;10.0;5.0;17.0;7.0;2.0;1.0;5.0;0.0;19.0;85.0;45.0;0.0
2021-04-30 21:51:00;0.0;0.0;0.0;0.0;0.0;0.0;0.0;0.0;0.0;0.0;0.0;0.0;0.0;0.0;0.0;0.0;0.0;0.0;0.0;0.0;0.0;0.0;0.0;0.0;0.0;0.0;280.0;17.0;9.0;19.0;18.0;5.0;0.0;3.0;0.0;34.0;61.0;0.0;0.0
2021-05-01 01:51:00;0.0;0.0;0.0;0.0;0.0;0.0;0.0;0.0;0.0;0.0;0.0;0.0;0.0;0.0;0.0;0.0;0.0;0.0;0.0;0.0;0.0;0.0;0.0;0.0;0.0;0.0;246.0;16.0;3.0;20.0;14.0;2.0;0.0;3.0;0.0;22.0;1.0;0.0;41.0
2021-05-01 05:51:00;0.0;0.0;62.0;0.0;0.0;0.0;0.0;0.0;62.0;0.0;62.0;0.0;0.0;0.0;0.0;0.0;0.0;0.0;53.37;3874.674;0.0;0.0;62.0;0.0;0.0;0.0;259.0;8.0;3.0;15.0;8.0;2.0;1.0;5.0;0.0;19.0;52.0;41.0;0.0
2021-05-01 09:51:00;0.0;0.0;0.0;0.0;0.0;0.0;0.0;0.0;0.0;0.0;0.0;0.0;0.0;0.0;0.0;0.0;0.0;0.0;0.0;0.0;0.0;0.0;0.0;0.0;0.0;0.0;282.0;12.0;4.0;15.0;6.0;3.0;0.0;4.0;0.0;9.0;45.0;0.0;66.0
2021-05-01 13:51:00;0.0;0.0;61.0;5.0;0.0;0.0;0.0;63.0;0.0;0.0;0.0;63.0;0.0;0.0;0.0;0.0;0.0;0.0;57.89;3723.518;1.0;0.0;65.0;0.0;0.0;0.0;330.0;14.0;10.0;17.0;12.0;6.0;1.0;4.0;2.0;37.0;123.0;66.0;62.0
2021-05-01 17:51:00;0.0;0.0;62.0;0.0;0.0;0.0;0.0;61.0;0.0;0.0;0.0;24.0;21.0;16.0;0.0;0.0;0.0;0.0;53.45;3963.147;0.0;0.0;62.0;0.0;0.0;0.0;352.0;7.0;7.0;20.0;6.0;2.0;1.0;5.0;0.0;16.0;26.0;62.0;62.0
2021-05-01 21:51:00;0.0;0.0;62.0;0.0;0.0;0.0;0.0;0.0;62.0;0.0;62.0;0.0;0.0;0.0;0.0;0.0;0.0;0.0;53.37;3813.731;0.0;0.0;62.0;0.0;0.0;0.0;217.0;10.0;5.0;16.0;7.0;1.0;1.0;4.0;0.0;17.0;40.0;62.0;62.0
2021-05-02 01:51:00;0.0;0.0;62.0;0.0;0.0;0.0;0.0;51.0;0.0;0.0;0.0;10.0;25.0;16.0;0.0;0.0;0.0;0.0;53.44;3962.428;0.0;0.0;62.0;0.0;0.0;0.0;139.0;8.0;4.0;15.0;6.0;2.0;1.0;3.0;0.0;18.0;1.0;62.0;0.0
2021-05-02 05:51:00;0.0;0.0;0.0;0.0;0.0;0.0;0.0;0.0;0.0;0.0;0.0;0.0;0.0;0.0;0.0;0.0;0.0;0.0;0.0;0.0;0.0;0.0;0.0;0.0;0.0;0.0;226.0;23.0;5.0;16.0;23.0;3.0;0.0;3.0;0.0;38.0;21.0;0.0;116.0
2021-05-02 09:51:00;0.0;0.0;126.0;0.0;0.0;0.0;0.0;110.0;0.0;0.0;0.0;29.0;51.0;30.0;0.0;0.0;0.0;0.0;108.45;7857.919;0.0;0.0;126.0;0.0;0.0;0.0;355.0;25.0;6.0;15.0;24.0;3.0;2.0;3.0;0.0;70.0;160.0;116.0;57.0
2021-05-02 13:51:00;0.0;0.0;63.0;0.0;0.0;0.0;0.0;43.0;0.0;0.0;0.0;18.0;18.0;7.0;0.0;0.0;0.0;0.0;54.26;3827.759;0.0;0.0;63.0;0.0;0.0;0.0;289.0;20.0;6.0;19.0;21.0;2.0;1.0;6.0;0.0;46.0;65.0;57.0;0.0
2021-05-02 17:51:00;0.0;0.0;0.0;0.0;0.0;0.0;0.0;0.0;0.0;0.0;0.0;0.0;0.0;0.0;0.0;0.0;0.0;0.0;0.0;0.0;0.0;0.0;0.0;0.0;0.0;0.0;250.0;4.0;0.0;21.0;0.0;0.0;0.0;4.0;0.0;0.0;0.0;0.0;60.0
2021-05-02 21:51:00;0.0;0.0;60.0;0.0;0.0;0.0;0.0;0.0;60.0;0.0;60.0;0.0;0.0;0.0;0.0;0.0;0.0;0.0;51.71;3875.866;0.0;0.0;60.0;0.0;0.0;0.0;256.0;18.0;5.0;16.0;19.0;2.0;1.0;3.0;0.0;45.0;82.0;60.0;127.0
2021-05-03 01:51:00;0.0;0.0;127.0;0.0;0.0;0.0;0.0;121.0;0.0;0.0;0.0;51.0;26.0;44.0;0.0;0.0;0.0;0.0;109.39;7843.272;0.0;0.0;127.0;0.0;0.0;0.0;267.0;9.0;6.0;22.0;8.0;2.0;1.0;6.0;0.0;21.0;4.0;127.0;61.0
2021-05-03 05:51:00;0.0;0.0;61.0;0.0;0.0;0.0;0.0;44.0;0.0;0.0;0.0;44.0;0.0;0.0;0.0;0.0;0.0;0.0;52.55;3828.639;0.0;0.0;61.0;0.0;0.0;0.0;268.0;22.0;9.0;17.0;24.0;5.0;1.0;5.0;0.0;43.0;50.0;61.0;67.0
2021-05-03 09:51:00;0.0;0.0;61.0;6.0;0.0;0.0;0.0;56.0;0.0;0.0;0.0;56.0;0.0;0.0;0.0;0.0;0.0;0.0;57.74;3770.29;0.0;0.0;67.0;0.0;0.0;0.0;359.0;16.0;7.0;16.0;16.0;4.0;1.0;5.0;5.0;30.0;120.0;67.0;0.0
2021-05-03 13:51:00;0.0;0.0;0.0;0.0;0.0;0.0;0.0;0.0;0.0;0.0;0.0;0.0;0.0;0.0;0.0;0.0;0.0;0.0;0.0;0.0;0.0;0.0;0.0;0.0;0.0;0.0;253.0;15.0;5.0;21.0;13.0;2.0;0.0;3.0;0.0;21.0;79.0;0.0;63.0
2021-05-03 17:51:00;0.0;0.0;63.0;0.0;0.0;0.0;0.0;56.0;0.0;0.0;0.0;21.0;24.0;11.0;0.0;0.0;0.0;0.0;54.26;3981.857;0.0;0.0;63.0;0.0;0.0;0.0;255.0;11.0;4.0;14.0;10.0;2.0;1.0;3.0;0.0;15.0;5.0;63.0;0.0
2021-05-03 21:51:00;0.0;0.0;0.0;0.0;0.0;0.0;0.0;0.0;0.0;0.0;0.0;0.0;0.0;0.0;0.0;0.0;0.0;0.0;0.0;0.0;0.0;0.0;0.0;0.0;0.0;0.0;177.0;17.0;5.0;18.0;14.0;2.0;0.0;4.0;0.0;26.0;49.0;0.0;62.0
2021-05-04 01:51:00;0.0;0.0;62.0;0.0;0.0;0.0;0.0;57.0;0.0;0.0;0.0;16.0;23.0;18.0;0.0;0.0;0.0;0.0;53.38;3934.511;0.0;0.0;62.0;0.0;0.0;0.0;337.0;18.0;5.0;16.0;16.0;2.0;1.0;5.0;0.0;34.0;20.0;62.0;0.0
2021-05-04 05:51:00;0.0;0.0;0.0;0.0;0.0;0.0;0.0;0.0;0.0;0.0;0.0;0.0;0.0;0.0;0.0;0.0;0.0;0.0;0.0;0.0;0.0;0.0;0.0;0.0;0.0;0.0;112.0;4.0;2.0;14.0;2.0;2.0;0.0;3.0;0.0;2.0;23.0;0.0;65.0
2021-05-04 09:51:00;0.0;0.0;65.0;0.0;0.0;0.0;0.0;52.0;0.0;0.0;0.0;26.0;16.0;10.0;0.0;0.0;0.0;0.0;55.95;3951.142;0.0;0.0;65.0;0.0;0.0;0.0;277.0;16.0;6.0;16.0;13.0;4.0;1.0;5.0;0.0;30.0;8.0;65.0;62.0
2021-05-04 13:51:00;0.0;0.0;62.0;0.0;0.0;0.0;0.0;61.0;0.0;0.0;0.0;23.0;16.0;22.0;0.0;0.0;0.0;0.0;53.36;3979.26;0.0;0.0;62.0;0.0;0.0;0.0;360.0;20.0;6.0;18.0;18.0;1.0;1.0;5.0;0.0;34.0;116.0;62.0;0.0
2021-05-04 17:51:00;0.0;0.0;0.0;0.0;0.0;0.0;0.0;0.0;0.0;0.0;0.0;0.0;0.0;0.0;0.0;0.0;0.0;0.0;0.0;0.0;0.0;0.0;0.0;0.0;0.0;0.0;203.0;18.0;3.0;18.0;5.0;4.0;0.0;4.0;0.0;8.0;8.0;0.0;64.0
2021-05-04 21:51:00;0.0;0.0;64.0;0.0;0.0;0.0;0.0;0.0;64.0;0.0;64.0;0.0;0.0;0.0;0.0;0.0;0.0;0.0;55.08;3826.86;0.0;0.0;64.0;0.0;0.0;0.0;192.0;3.0;3.0;15.0;2.0;1.0;1.0;3.0;0.0;6.0;19.0;64.0;0.0
2021-05-05 01:51:00;0.0;0.0;0.0;0.0;0.0;0.0;0.0;0.0;0.0;0.0;0.0;0.0;0.0;0.0;0.0;0.0;0.0;0.0;0.0;0.0;0.0;0.0;0.0;0.0;0.0;0.0;199.0;23.0;6.0;24.0;21.0;6.0;0.0;4.0;0.0;37.0;10.0;0.0;64.0
2021-05-05 05:51:00;0.0;0.0;61.0;3.0;0.0;0.0;0.0;42.0;0.0;0.0;0.0;12.0;12.0;18.0;0.0;0.0;0.0;0.0;55.07;3739.681;0.0;0.0;64.0;0.0;0.0;0.0;220.0;24.0;7.0;18.0;23.0;5.0;1.0;4.0;0.0;41.0;44.0;64.0;0.0
2021-05-05 09:51:00;0.0;0.0;0.0;0.0;0.0;0.0;0.0;0.0;0.0;0.0;0.0;0.0;0.0;0.0;0.0;0.0;0.0;0.0;0.0;0.0;0.0;0.0;0.0;0.0;0.0;0.0;182.0;12.0;3.0;12.0;10.0;3.0;0.0;3.0;0.0;19.0;45.0;0.0;0.0
2021-05-05 13:51:00;0.0;0.0;0.0;0.0;0.0;0.0;0.0;0.0;0.0;0.0;0.0;0.0;0.0;0.0;0.0;0.0;0.0;0.0;0.0;0.0;0.0;0.0;0.0;0.0;0.0;0.0;261.0;27.0;8.0;18.0;24.0;6.0;0.0;4.0;0.0;53.0;79.0;0.0;57.0
2021-05-05 17:51:00;0.0;0.0;60.0;5.0;0.0;0.0;0.0;52.0;0.0;0.0;0.0;42.0;5.0;5.0;0.0;0.0;0.0;0.0;55.92;3782.048;0.0;0.0;65.0;0.0;0.0;0.0;244.0;24.0;9.0;17.0;22.0;7.0;1.0;4.0;1.0;44.0;10.0;57.0;125.0
2021-05-05 21:51:00;0.0;0.0;128.0;0.0;0.0;0.0;0.0;100.0;0.0;0.0;0.0;32.0;43.0;25.0;0.0;0.0;0.0;0.0;110.11;7803.753;0.0;0.0;128.0;0.0;0.0;0.0;291.0;22.0;7.0;17.0;19.0;3.0;1.0;5.0;0.0;53.0;44.0;125.0;0.0
2021-05-06 01:51:00;0.0;0.0;0.0;0.0;0.0;0.0;0.0;0.0;0.0;0.0;0.0;0.0;0.0;0.0;0.0;0.0;0.0;0.0;0.0;0.0;0.0;0.0;0.0;0.0;0.0;0.0;137.0;1.0;1.0;20.0;1.0;1.0;0.0;3.0;0.0;1.0;1.0;0.0;67.0
2021-05-06 05:51:00;0.0;0.0;60.0;7.0;0.0;0.0;0.0;64.0;0.0;0.0;0.0;18.0;27.0;19.0;0.0;0.0;0.0;0.0;58.21;3694.541;0.0;4.0;63.0;0.0;0.0;0.0;309.0;9.0;8.0;17.0;9.0;5.0;1.0;5.0;0.0;20.0;109.0;67.0;60.0
2021-05-06 09:51:00;0.0;0.0;60.0;0.0;0.0;0.0;0.0;0.0;60.0;0.0;60.0;0.0;0.0;0.0;0.0;0.0;0.0;0.0;51.62;3880.594;0.0;0.0;60.0;0.0;0.0;0.0;148.0;6.0;3.0;12.0;4.0;1.0;1.0;3.0;0.0;8.0;21.0;60.0;0.0
2021-05-06 13:51:00;0.0;0.0;0.0;0.0;0.0;0.0;0.0;0.0;0.0;0.0;0.0;0.0;0.0;0.0;0.0;0.0;0.0;0.0;0.0;0.0;0.0;0.0;0.0;0.0;0.0;0.0;327.0;17.0;6.0;14.0;15.0;1.0;0.0;3.0;0.0;37.0;169.0;0.0;64.0
2021-05-06 17:51:00;0.0;0.0;64.0;0.0;0.0;0.0;0.0;60.0;0.0;0.0;0.0;17.0;33.0;10.0;0.0;0.0;0.0;0.0;55.04;3895.012;0.0;0.0;64.0;0.0;0.0;0.0;297.0;15.0;6.0;13.0;7.0;2.0;1.0;4.0;0.0;18.0;33.0;64.0;63.0
2021-05-06 21:51:00;0.0;0.0;63.0;0.0;0.0;0.0;0.0;61.0;0.0;0.0;0.0;29.0;30.0;2.0;0.0;0.0;0.0;0.0;54.2;3937.259;0.0;0.0;63.0;0.0;0.0;0.0;242.0;12.0;7.0;14.0;7.0;2.0;1.0;4.0;0.0;15.0;54.0;63.0;0.0
2021-05-07 01:51:00;0.0;0.0;0.0;0.0;0.0;0.0;0.0;0.0;0.0;0.0;0.0;0.0;0.0;0.0;0.0;0.0;0.0;0.0;0.0;0.0;0.0;0.0;0.0;0.0;0.0;0.0;252.0;13.0;6.0;13.0;8.0;3.0;0.0;3.0;0.0;18.0;3.0;0.0;64.0
2021-05-07 05:51:00;0.0;0.0;64.0;0.0;0.0;0.0;0.0;57.0;0.0;0.0;0.0;27.0;15.0;15.0;0.0;0.0;0.0;0.0;55.11;3917.687;0.0;0.0;64.0;0.0;0.0;0.0;257.0;19.0;8.0;16.0;15.0;3.0;1.0;3.0;0.0;38.0;38.0;64.0;63.0
2021-05-07 09:51:00;0.0;0.0;63.0;0.0;0.0;0.0;0.0;59.0;0.0;0.0;0.0;23.0;12.0;24.0;0.0;0.0;0.0;0.0;54.62;3852.596;0.0;3.0;60.0;0.0;0.0;0.0;180.0;9.0;5.0;17.0;6.0;2.0;1.0;4.0;0.0;11.0;0.0;63.0;0.0
2021-05-07 13:51:00;0.0;0.0;0.0;0.0;0.0;0.0;0.0;0.0;0.0;0.0;0.0;0.0;0.0;0.0;0.0;0.0;0.0;0.0;0.0;0.0;0.0;0.0;0.0;0.0;0.0;0.0;321.0;13.0;6.0;17.0;13.0;2.0;0.0;4.0;0.0;39.0;158.0;0.0;61.0
2021-05-07 17:51:00;0.0;0.0;63.0;0.0;0.0;0.0;0.0;51.0;0.0;0.0;0.0;49.0;2.0;0.0;0.0;0.0;0.0;0.0;54.2;3712.455;0.0;0.0;63.0;0.0;0.0;0.0;365.0;20.0;7.0;13.0;19.0;3.0;1.0;5.0;0.0;43.0;94.0;61.0;61.0
2021-05-07 21:51:00;0.0;0.0;61.0;0.0;0.0;0.0;0.0;51.0;0.0;0.0;0.0;16.0;7.0;28.0;0.0;0.0;0.0;0.0;52.5;3800.294;0.0;0.0;61.0;0.0;0.0;0.0;314.0;22.0;6.0;15.0;20.0;4.0;1.0;6.0;0.0;43.0;42.0;61.0;62.0
2021-05-08 01:51:00;0.0;0.0;62.0;0.0;0.0;0.0;0.0;57.0;0.0;0.0;0.0;34.0;21.0;2.0;0.0;0.0;0.0;0.0;53.38;3935.588;0.0;0.0;62.0;0.0;0.0;0.0;239.0;14.0;4.0;11.0;9.0;2.0;1.0;4.0;0.0;12.0;10.0;62.0;0.0
2021-05-08 05:51:00;0.0;0.0;0.0;0.0;0.0;0.0;0.0;0.0;0.0;0.0;0.0;0.0;0.0;0.0;0.0;0.0;0.0;0.0;0.0;0.0;0.0;0.0;0.0;0.0;0.0;0.0;256.0;8.0;5.0;14.0;7.0;5.0;0.0;3.0;0.0;16.0;39.0;0.0;126.0
2021-05-08 09:51:00;0.0;0.0;125.0;1.0;0.0;0.0;0.0;57.0;63.0;0.0;63.0;55.0;2.0;0.0;0.0;0.0;0.0;0.0;108.45;7757.79;0.0;0.0;126.0;0.0;0.0;0.0;365.0;15.0;6.0;12.0;13.0;4.0;2.0;6.0;0.0;31.0;28.0;126.0;0.0
2021-05-08 13:51:00;0.0;0.0;0.0;0.0;0.0;0.0;0.0;0.0;0.0;0.0;0.0;0.0;0.0;0.0;0.0;0.0;0.0;0.0;0.0;0.0;0.0;0.0;0.0;0.0;0.0;0.0;356.0;18.0;9.0;17.0;17.0;5.0;0.0;3.0;0.0;68.0;181.0;0.0;65.0
2021-05-08 17:51:00;0.0;0.0;63.0;2.0;0.0;0.0;0.0;50.0;0.0;0.0;0.0;4.0;15.0;31.0;0.0;0.0;0.0;0.0;56.13;3860.935;0.0;0.0;64.0;0.0;1.0;0.0;309.0;21.0;10.0;23.0;20.0;6.0;1.0;4.0;0.0;63.0;34.0;65.0;126.0
2021-05-08 21:51:00;0.0;3.0;124.0;2.0;0.0;0.0;0.0;93.0;0.0;0.0;0.0;33.0;12.0;48.0;0.0;0.0;0.0;0.0;109.9;7778.147;0.0;7.0;117.0;1.0;1.0;0.0;413.0;19.0;9.0;27.0;19.0;6.0;1.0;7.0;0.0;55.0;33.0;126.0;0.0
2021-05-09 01:51:00;0.0;0.0;0.0;0.0;0.0;0.0;0.0;0.0;0.0;0.0;0.0;0.0;0.0;0.0;0.0;0.0;0.0;0.0;0.0;0.0;0.0;0.0;0.0;0.0;0.0;0.0;206.0;12.0;6.0;15.0;9.0;3.0;0.0;3.0;0.0;27.0;11.0;0.0;64.0
2021-05-09 05:51:00;0.0;0.0;64.0;0.0;0.0;0.0;0.0;0.0;64.0;0.0;64.0;0.0;0.0;0.0;0.0;0.0;0.0;0.0;55.06;3801.168;0.0;0.0;64.0;0.0;0.0;0.0;166.0;2.0;5.0;13.0;2.0;1.0;1.0;3.0;0.0;10.0;4.0;64.0;0.0
2021-05-09 09:51:00;0.0;0.0;0.0;0.0;0.0;0.0;0.0;0.0;0.0;0.0;0.0;0.0;0.0;0.0;0.0;0.0;0.0;0.0;0.0;0.0;0.0;0.0;0.0;0.0;0.0;0.0;223.0;11.0;6.0;12.0;8.0;3.0;0.0;3.0;0.0;19.0;168.0;0.0;63.0
2021-05-09 13:51:00;0.0;0.0;63.0;0.0;0.0;0.0;0.0;58.0;0.0;0.0;0.0;38.0;13.0;7.0;0.0;0.0;0.0;0.0;54.28;3954.26;0.0;0.0;63.0;0.0;0.0;0.0;248.0;15.0;6.0;12.0;11.0;3.0;1.0;5.0;0.0;25.0;53.0;63.0;62.0
2021-05-09 17:51:00;0.0;0.0;62.0;0.0;0.0;0.0;0.0;0.0;62.0;0.0;62.0;0.0;0.0;0.0;0.0;0.0;0.0;0.0;53.42;3854.096;0.0;0.0;62.0;0.0;0.0;0.0;370.0;13.0;5.0;14.0;9.0;2.0;1.0;5.0;0.0;16.0;3.0;62.0;45.0
2021-05-09 21:51:00;0.0;0.0;63.0;0.0;0.0;0.0;0.0;56.0;0.0;0.0;0.0;54.0;2.0;0.0;0.0;0.0;0.0;0.0;54.27;3941.76;0.0;0.0;63.0;0.0;0.0;0.0;354.0;17.0;5.0;21.0;11.0;3.0;1.0;6.0;0.0;18.0;62.0;45.0;63.0
2021-05-10 01:51:00;0.0;0.0;63.0;0.0;0.0;0.0;0.0;59.0;0.0;0.0;0.0;7.0;32.0;20.0;0.0;0.0;0.0;0.0;54.19;3871.281;0.0;0.0;63.0;0.0;0.0;0.0;144.0;17.0;5.0;11.0;8.0;3.0;1.0;3.0;0.0;19.0;18.0;63.0;63.0
2021-05-10 05:51:00;0.0;0.0;63.0;0.0;0.0;0.0;0.0;58.0;0.0;0.0;0.0;22.0;29.0;7.0;0.0;0.0;0.0;0.0;54.26;3921.427;0.0;0.0;63.0;0.0;0.0;0.0;301.0;22.0;5.0;14.0;17.0;3.0;1.0;5.0;0.0;36.0;41.0;63.0;0.0
2021-05-10 09:51:00;0.0;0.0;0.0;0.0;0.0;0.0;0.0;0.0;0.0;0.0;0.0;0.0;0.0;0.0;0.0;0.0;0.0;0.0;0.0;0.0;0.0;0.0;0.0;0.0;0.0;0.0;307.0;15.0;6.0;13.0;15.0;2.0;0.0;4.0;0.0;27.0;40.0;0.0;0.0
2021-05-10 13:51:00;0.0;0.0;0.0;0.0;0.0;0.0;0.0;0.0;0.0;0.0;0.0;0.0;0.0;0.0;0.0;0.0;0.0;0.0;0.0;0.0;0.0;0.0;0.0;0.0;0.0;0.0;295.0;21.0;9.0;16.0;23.0;1.0;0.0;4.0;0.0;46.0;149.0;0.0;101.0
2021-05-10 17:51:00;0.0;0.0;126.0;0.0;0.0;0.0;0.0;47.0;63.0;0.0;63.0;21.0;6.0;20.0;0.0;0.0;0.0;0.0;108.47;7715.334;0.0;0.0;126.0;0.0;0.0;0.0;498.0;25.0;7.0;13.0;30.0;3.0;2.0;6.0;0.0;68.0;10.0;101.0;124.0
2021-05-10 21:51:00;0.0;0.0;125.0;0.0;0.0;0.0;0.0;94.0;0.0;0.0;0.0;49.0;19.0;26.0;0.0;0.0;0.0;0.0;107.58;7835.606;0.0;0.0;125.0;0.0;0.0;0.0;289.0;26.0;7.0;16.0;25.0;3.0;1.0;7.0;0.0;53.0;39.0;124.0;0.0
2021-05-11 01:51:00;0.0;0.0;0.0;0.0;0.0;0.0;0.0;0.0;0.0;0.0;0.0;0.0;0.0;0.0;0.0;0.0;0.0;0.0;0.0;0.0;0.0;0.0;0.0;0.0;0.0;0.0;74.0;3.0;2.0;10.0;2.0;2.0;0.0;2.0;0.0;2.0;4.0;0.0;0.0
2021-05-11 05:51:00;0.0;0.0;0.0;0.0;0.0;0.0;0.0;0.0;0.0;0.0;0.0;0.0;0.0;0.0;0.0;0.0;0.0;0.0;0.0;0.0;0.0;0.0;0.0;0.0;0.0;0.0;215.0;7.0;6.0;15.0;4.0;2.0;0.0;2.0;0.0;10.0;101.0;0.0;0.0
2021-05-11 09:51:00;0.0;0.0;0.0;0.0;0.0;0.0;0.0;0.0;0.0;0.0;0.0;0.0;0.0;0.0;0.0;0.0;0.0;0.0;0.0;0.0;0.0;0.0;0.0;0.0;0.0;0.0;169.0;11.0;9.0;18.0;9.0;7.0;0.0;4.0;0.0;19.0;57.0;0.0;64.0
2021-05-11 13:51:00;0.0;0.0;64.0;0.0;0.0;0.0;0.0;64.0;0.0;0.0;0.0;11.0;32.0;21.0;0.0;0.0;0.0;0.0;55.07;3933.537;0.0;0.0;64.0;0.0;0.0;0.0;448.0;20.0;9.0;15.0;11.0;3.0;1.0;4.0;0.0;42.0;160.0;64.0;65.0
2021-05-11 17:51:00;0.0;0.0;65.0;0.0;0.0;0.0;0.0;59.0;0.0;0.0;0.0;44.0;4.0;11.0;0.0;0.0;0.0;0.0;55.92;3877.9;0.0;0.0;65.0;0.0;0.0;0.0;401.0;17.0;6.0;14.0;8.0;3.0;1.0;6.0;0.0;32.0;3.0;65.0;0.0
2021-05-11 21:51:00;0.0;0.0;0.0;0.0;0.0;0.0;0.0;0.0;0.0;0.0;0.0;0.0;0.0;0.0;0.0;0.0;0.0;0.0;0.0;0.0;0.0;0.0;0.0;0.0;0.0;0.0;223.0;9.0;4.0;12.0;3.0;1.0;0.0;3.0;0.0;9.0;64.0;0.0;63.0
2021-05-12 01:51:00;0.0;0.0;63.0;0.0;0.0;0.0;0.0;60.0;0.0;0.0;0.0;15.0;35.0;10.0;0.0;0.0;0.0;0.0;54.27;3940.972;0.0;0.0;63.0;0.0;0.0;0.0;244.0;11.0;8.0;14.0;8.0;2.0;1.0;4.0;0.0;21.0;3.0;63.0;62.0
2021-05-12 05:51:00;0.0;0.0;62.0;0.0;0.0;0.0;0.0;60.0;0.0;0.0;0.0;30.0;13.0;17.0;0.0;0.0;0.0;0.0;53.7;3891.204;0.0;2.0;60.0;0.0;0.0;0.0;404.0;18.0;13.0;18.0;15.0;6.0;1.0;5.0;0.0;33.0;84.0;62.0;66.0
2021-05-12 09:51:00;0.0;0.0;61.0;5.0;0.0;0.0;0.0;59.0;0.0;0.0;0.0;39.0;13.0;7.0;0.0;0.0;0.0;0.0;58.14;3854.867;0.0;3.0;58.0;0.0;5.0;0.0;161.0;21.0;10.0;14.0;19.0;5.0;1.0;3.0;0.0;35.0;50.0;66.0;60.0
2021-05-12 13:51:00;0.0;0.0;60.0;0.0;0.0;0.0;0.0;0.0;60.0;0.0;60.0;0.0;0.0;0.0;0.0;0.0;0.0;0.0;51.65;3861.984;0.0;0.0;60.0;0.0;0.0;0.0;406.0;12.0;7.0;12.0;10.0;2.0;1.0;5.0;0.0;34.0;111.0;60.0;64.0
2021-05-12 17:51:00;0.0;0.0;63.0;1.0;0.0;0.0;0.0;42.0;0.0;0.0;0.0;16.0;19.0;7.0;0.0;0.0;0.0;0.0;55.12;3721.359;0.0;0.0;64.0;0.0;0.0;0.0;334.0;26.0;9.0;17.0;21.0;5.0;1.0;5.0;0.0;46.0;11.0;64.0;62.0
2021-05-12 21:51:00;0.0;0.0;62.0;0.0;0.0;0.0;0.0;52.0;0.0;0.0;0.0;21.0;26.0;5.0;0.0;0.0;0.0;0.0;53.37;3942.296;0.0;0.0;62.0;0.0;0.0;0.0;309.0;11.0;7.0;16.0;9.0;2.0;1.0;5.0;0.0;38.0;109.0;62.0;0.0
2021-05-13 01:51:00;0.0;0.0;0.0;0.0;0.0;0.0;0.0;0.0;0.0;0.0;0.0;0.0;0.0;0.0;0.0;0.0;0.0;0.0;0.0;0.0;0.0;0.0;0.0;0.0;0.0;0.0;256.0;11.0;6.0;11.0;7.0;3.0;0.0;5.0;0.0;20.0;9.0;0.0;128.0
2021-05-13 05:51:00;0.0;0.0;130.0;1.0;0.0;0.0;0.0;117.0;0.0;0.0;0.0;60.0;42.0;15.0;0.0;0.0;0.0;0.0;112.77;7672.511;0.0;0.0;131.0;0.0;0.0;0.0;236.0;14.0;7.0;14.0;10.0;4.0;1.0;4.0;1.0;35.0;10.0;128.0;0.0
2021-05-13 09:51:00;0.0;0.0;0.0;0.0;0.0;0.0;0.0;0.0;0.0;0.0;0.0;0.0;0.0;0.0;0.0;0.0;0.0;0.0;0.0;0.0;0.0;0.0;0.0;0.0;0.0;0.0;168.0;9.0;5.0;10.0;5.0;3.0;0.0;3.0;0.0;13.0;55.0;0.0;61.0
2021-05-13 13:51:00;0.0;0.0;62.0;0.0;0.0;0.0;0.0;45.0;0.0;0.0;0.0;19.0;4.0;22.0;0.0;0.0;0.0;0.0;53.35;3810.37;0.0;0.0;62.0;0.0;0.0;0.0;266.0;15.0;6.0;13.0;12.0;2.0;1.0;4.0;0.0;40.0;77.0;61.0;63.0
2021-05-13 17:51:00;0.0;0.0;63.0;0.0;0.0;0.0;0.0;0.0;63.0;0.0;63.0;0.0;0.0;0.0;0.0;0.0;0.0;0.0;54.2;3800.36;0.0;0.0;63.0;0.0;0.0;0.0;309.0;13.0;8.0;15.0;6.0;4.0;1.0;5.0;0.0;18.0;54.0;63.0;0.0
2021-05-13 21:51:00;0.0;0.0;0.0;0.0;0.0;0.0;0.0;0.0;0.0;0.0;0.0;0.0;0.0;0.0;0.0;0.0;0.0;0.0;0.0;0.0;0.0;0.0;0.0;0.0;0.0;0.0;246.0;27.0;9.0;16.0;28.0;7.0;0.0;3.0;0.0;53.0;63.0;0.0;0.0
2021-05-14 01:51:00;0.0;0.0;0.0;0.0;0.0;0.0;0.0;0.0;0.0;0.0;0.0;0.0;0.0;0.0;0.0;0.0;0.0;0.0;0.0;0.0;0.0;0.0;0.0;0.0;0.0;0.0;174.0;1.0;1.0;12.0;1.0;1.0;0.0;3.0;0.0;1.0;4.0;0.0;62.0
2021-05-14 05:51:00;0.0;0.0;61.0;1.0;0.0;0.0;0.0;43.0;0.0;0.0;0.0;25.0;7.0;11.0;0.0;0.0;0.0;0.0;54.53;3808.646;0.0;0.0;56.0;0.0;6.0;0.0;337.0;27.0;10.0;17.0;30.0;7.0;1.0;4.0;0.0;63.0;105.0;62.0;0.0
2021-05-14 09:51:00;0.0;0.0;0.0;0.0;0.0;0.0;0.0;0.0;0.0;0.0;0.0;0.0;0.0;0.0;0.0;0.0;0.0;0.0;0.0;0.0;0.0;0.0;0.0;0.0;0.0;0.0;205.0;26.0;7.0;14.0;28.0;3.0;0.0;3.0;0.0;49.0;65.0;0.0;184.0
2021-05-14 13:51:00;0.0;0.0;185.0;2.0;0.0;0.0;0.0;90.0;61.0;0.0;61.0;53.0;21.0;16.0;0.0;0.0;0.0;0.0;160.92;11537.196;0.0;0.0;187.0;0.0;0.0;0.0;395.0;31.0;9.0;16.0;37.0;4.0;2.0;6.0;0.0;71.0;89.0;184.0;0.0
2021-05-14 17:51:00;0.0;0.0;0.0;0.0;0.0;0.0;0.0;0.0;0.0;0.0;0.0;0.0;0.0;0.0;0.0;0.0;0.0;0.0;0.0;0.0;0.0;0.0;0.0;0.0;0.0;0.0;293.0;16.0;6.0;15.0;14.0;2.0;0.0;4.0;0.0;29.0;49.0;0.0;64.0
2021-05-14 21:51:00;0.0;0.0;64.0;0.0;0.0;0.0;0.0;46.0;0.0;0.0;0.0;40.0;6.0;0.0;0.0;0.0;0.0;0.0;55.1;3852.543;0.0;0.0;64.0;0.0;0.0;0.0;416.0;17.0;5.0;16.0;18.0;2.0;1.0;6.0;0.0;39.0;21.0;64.0;64.0
2021-05-15 01:51:00;0.0;0.0;64.0;0.0;0.0;0.0;0.0;58.0;0.0;0.0;0.0;58.0;0.0;0.0;0.0;0.0;0.0;0.0;55.09;3870.702;0.0;0.0;64.0;0.0;0.0;0.0;295.0;16.0;10.0;18.0;17.0;3.0;1.0;4.0;0.0;41.0;26.0;64.0;0.0
2021-05-15 05:51:00;0.0;0.0;0.0;0.0;0.0;0.0;0.0;0.0;0.0;0.0;0.0;0.0;0.0;0.0;0.0;0.0;0.0;0.0;0.0;0.0;0.0;0.0;0.0;0.0;0.0;0.0;40.0;8.0;4.0;7.0;8.0;3.0;0.0;2.0;0.0;11.0;18.0;0.0;65.0
2021-05-15 09:51:00;0.0;0.0;65.0;0.0;0.0;0.0;0.0;59.0;0.0;0.0;0.0;33.0;24.0;2.0;0.0;0.0;0.0;0.0;57.67;3896.366;0.0;8.0;54.0;0.0;3.0;0.0;418.0;17.0;12.0;18.0;15.0;4.0;1.0;5.0;0.0;62.0;129.0;65.0;61.0
2021-05-15 13:51:00;0.0;0.0;62.0;0.0;0.0;0.0;0.0;49.0;0.0;0.0;0.0;24.0;2.0;23.0;0.0;0.0;0.0;0.0;53.39;3930.356;0.0;0.0;62.0;0.0;0.0;0.0;313.0;9.0;7.0;14.0;9.0;3.0;1.0;4.0;0.0;30.0;53.0;61.0;61.0
2021-05-15 17:51:00;0.0;0.0;61.0;0.0;0.0;0.0;0.0;0.0;61.0;0.0;61.0;0.0;0.0;0.0;0.0;0.0;0.0;0.0;52.54;3884.639;0.0;0.0;61.0;0.0;0.0;0.0;322.0;7.0;3.0;13.0;3.0;2.0;1.0;5.0;0.0;7.0;29.0;61.0;68.0
2021-05-15 21:51:00;0.0;0.0;60.0;8.0;0.0;0.0;0.0;57.0;0.0;0.0;0.0;20.0;6.0;31.0;0.0;0.0;0.0;0.0;58.58;3813.528;0.0;0.0;68.0;0.0;0.0;0.0;265.0;7.0;7.0;16.0;6.0;5.0;1.0;5.0;2.0;23.0;9.0;68.0;0.0
2021-05-16 01:51:00;0.0;0.0;0.0;0.0;0.0;0.0;0.0;0.0;0.0;0.0;0.0;0.0;0.0;0.0;0.0;0.0;0.0;0.0;0.0;0.0;0.0;0.0;0.0;0.0;0.0;0.0;231.0;17.0;7.0;14.0;16.0;3.0;0.0;3.0;0.0;41.0;24.0;0.0;63.0
2021-05-16 05:51:00;0.0;0.0;64.0;0.0;0.0;0.0;0.0;39.0;0.0;0.0;0.0;11.0;20.0;8.0;0.0;0.0;0.0;0.0;55.08;3731.654;0.0;0.0;64.0;0.0;0.0;0.0;386.0;20.0;9.0;16.0;17.0;5.0;1.0;6.0;0.0;48.0;25.0;63.0;124.0
2021-05-16 09:51:00;0.0;0.0;123.0;1.0;0.0;0.0;0.0;118.0;0.0;0.0;0.0;69.0;25.0;24.0;0.0;0.0;0.0;0.0;107.63;7520.861;0.0;0.0;119.0;0.0;5.0;0.0;326.0;11.0;9.0;16.0;8.0;5.0;1.0;5.0;0.0;22.0;122.0;124.0;0.0
2021-05-16 13:51:00;0.0;0.0;0.0;0.0;0.0;0.0;0.0;0.0;0.0;0.0;0.0;0.0;0.0;0.0;0.0;0.0;0.0;0.0;0.0;0.0;0.0;0.0;0.0;0.0;0.0;0.0;390.0;15.0;7.0;13.0;12.0;2.0;0.0;4.0;0.0;33.0;137.0;0.0;65.0
2021-05-16 17:51:00;0.0;0.0;65.0;0.0;0.0;0.0;0.0;62.0;0.0;0.0;0.0;38.0;15.0;9.0;0.0;0.0;0.0;0.0;55.95;3950.984;0.0;0.0;65.0;0.0;0.0;0.0;286.0;14.0;7.0;13.0;12.0;2.0;1.0;4.0;0.0;38.0;6.0;65.0;62.0
2021-05-16 21:51:00;0.0;0.0;62.0;0.0;0.0;0.0;0.0;61.0;0.0;0.0;0.0;41.0;13.0;7.0;0.0;0.0;0.0;0.0;53.37;3997.293;0.0;0.0;62.0;0.0;0.0;0.0;197.0;9.0;6.0;12.0;7.0;4.0;1.0;5.0;0.0;15.0;58.0;62.0;0.0
2021-05-17 01:51:00;0.0;0.0;0.0;0.0;0.0;0.0;0.0;0.0;0.0;0.0;0.0;0.0;0.0;0.0;0.0;0.0;0.0;0.0;0.0;0.0;0.0;0.0;0.0;0.0;0.0;0.0;185.0;10.0;7.0;11.0;8.0;4.0;0.0;3.0;0.0;15.0;10.0;0.0;118.0
2021-05-17 05:51:00;0.0;0.0;127.0;3.0;0.0;0.0;0.0;123.0;0.0;0.0;0.0;46.0;42.0;35.0;0.0;0.0;0.0;0.0;111.86;7826.681;0.0;0.0;130.0;0.0;0.0;0.0;373.0;23.0;8.0;13.0;20.0;3.0;1.0;5.0;0.0;48.0;121.0;118.0;63.0
2021-05-17 09:51:00;0.0;0.0;63.0;0.0;0.0;0.0;0.0;0.0;63.0;0.0;63.0;0.0;0.0;0.0;0.0;0.0;0.0;0.0;54.22;3811.524;0.0;0.0;63.0;0.0;0.0;0.0;301.0;11.0;3.0;15.0;1.0;1.0;1.0;6.0;0.0;4.0;0.0;63.0;66.0
2021-05-17 13:51:00;0.0;0.0;62.0;4.0;0.0;0.0;0.0;50.0;0.0;0.0;0.0;25.0;7.0;18.0;0.0;0.0;0.0;0.0;56.81;3797.459;0.0;0.0;66.0;0.0;0.0;0.0;231.0;12.0;6.0;12.0;13.0;3.0;1.0;4.0;0.0;25.0;26.0;66.0;0.0
2021-05-17 17:51:00;0.0;0.0;0.0;0.0;0.0;0.0;0.0;0.0;0.0;0.0;0.0;0.0;0.0;0.0;0.0;0.0;0.0;0.0;0.0;0.0;0.0;0.0;0.0;0.0;0.0;0.0;311.0;11.0;4.0;13.0;10.0;1.0;0.0;2.0;0.0;25.0;112.0;0.0;63.0
2021-05-17 21:51:00;0.0;0.0;63.0;0.0;0.0;0.0;0.0;60.0;0.0;0.0;0.0;28.0;19.0;13.0;0.0;0.0;0.0;0.0;54.2;3855.095;0.0;0.0;63.0;0.0;0.0;0.0;263.0;17.0;7.0;12.0;17.0;3.0;1.0;4.0;0.0;41.0;23.0;63.0;65.0
2021-05-18 01:51:00;0.0;0.0;65.0;0.0;0.0;0.0;0.0;59.0;0.0;0.0;0.0;8.0;29.0;22.0;0.0;0.0;0.0;0.0;55.92;3875.18;0.0;0.0;65.0;0.0;0.0;0.0;237.0;6.0;4.0;15.0;6.0;2.0;1.0;5.0;0.0;15.0;3.0;65.0;0.0
2021-05-18 05:51:00;0.0;0.0;0.0;0.0;0.0;0.0;0.0;0.0;0.0;0.0;0.0;0.0;0.0;0.0;0.0;0.0;0.0;0.0;0.0;0.0;0.0;0.0;0.0;0.0;0.0;0.0;234.0;4.0;4.0;14.0;3.0;4.0;0.0;4.0;0.0;7.0;71.0;0.0;64.0
2021-05-18 09:51:00;0.0;0.0;64.0;0.0;0.0;0.0;0.0;63.0;0.0;0.0;0.0;63.0;0.0;0.0;0.0;0.0;0.0;0.0;55.07;3927.023;0.0;0.0;64.0;0.0;0.0;0.0;180.0;12.0;7.0;15.0;13.0;2.0;1.0;3.0;0.0;25.0;44.0;64.0;65.0
2021-05-18 13:51:00;0.0;0.0;63.0;2.0;0.0;0.0;0.0;45.0;0.0;0.0;0.0;27.0;10.0;8.0;0.0;0.0;0.0;0.0;57.25;3824.73;0.0;0.0;64.0;1.0;0.0;0.0;341.0;21.0;8.0;17.0;25.0;6.0;1.0;5.0;0.0;59.0;135.0;65.0;0.0
2021-05-18 17:51:00;0.0;0.0;0.0;0.0;0.0;0.0;0.0;0.0;0.0;0.0;0.0;0.0;0.0;0.0;0.0;0.0;0.0;0.0;0.0;0.0;0.0;0.0;0.0;0.0;0.0;0.0;143.0;8.0;2.0;13.0;2.0;2.0;0.0;3.0;0.0;2.0;6.0;0.0;64.0
2021-05-18 21:51:00;0.0;0.0;64.0;0.0;0.0;0.0;0.0;43.0;0.0;0.0;0.0;14.0;7.0;22.0;0.0;0.0;0.0;0.0;55.05;3884.91;0.0;0.0;64.0;0.0;0.0;0.0;235.0;14.0;5.0;15.0;16.0;3.0;1.0;3.0;0.0;35.0;64.0;64.0;0.0
2021-05-19 01:51:00;0.0;0.0;0.0;0.0;0.0;0.0;0.0;0.0;0.0;0.0;0.0;0.0;0.0;0.0;0.0;0.0;0.0;0.0;0.0;0.0;0.0;0.0;0.0;0.0;0.0;0.0;314.0;15.0;8.0;22.0;14.0;5.0;0.0;3.0;0.0;38.0;11.0;0.0;125.0
2021-05-19 05:51:00;0.0;1.0;127.0;3.0;0.0;0.0;0.0;114.0;0.0;0.0;0.0;43.0;20.0;51.0;0.0;0.0;0.0;0.0;113.85;7753.11;0.0;11.0;117.0;0.0;2.0;0.0;341.0;18.0;10.0;22.0;18.0;6.0;1.0;5.0;0.0;51.0;53.0;125.0;60.0
2021-05-19 09:51:00;0.0;0.0;60.0;0.0;0.0;0.0;0.0;50.0;0.0;0.0;0.0;15.0;15.0;20.0;0.0;0.0;0.0;0.0;53.41;3779.389;0.0;2.0;50.0;0.0;8.0;0.0;362.0;17.0;8.0;17.0;17.0;3.0;1.0;6.0;0.0;39.0;87.0;60.0;63.0
2021-05-19 13:51:00;0.0;0.0;63.0;0.0;0.0;0.0;0.0;52.0;0.0;0.0;0.0;52.0;0.0;0.0;0.0;0.0;0.0;0.0;54.24;3842.749;0.0;0.0;63.0;0.0;0.0;0.0;214.0;18.0;7.0;10.0;16.0;1.0;1.0;3.0;0.0;40.0;108.0;63.0;0.0
2021-05-19 17:51:00;0.0;0.0;0.0;0.0;0.0;0.0;0.0;0.0;0.0;0.0;0.0;0.0;0.0;0.0;0.0;0.0;0.0;0.0;0.0;0.0;0.0;0.0;0.0;0.0;0.0;0.0;31.0;2.0;0.0;7.0;0.0;0.0;0.0;2.0;0.0;0.0;0.0;0.0;0.0
2021-05-19 21:51:00;0.0;0.0;0.0;0.0;0.0;0.0;0.0;0.0;0.0;0.0;0.0;0.0;0.0;0.0;0.0;0.0;0.0;0.0;0.0;0.0;0.0;0.0;0.0;0.0;0.0;0.0;0.0;0.0;0.0;0.0;0.0;0.0;0.0;0.0;0.0;0.0;0.0;0.0;0.0
